datetime,T (degC),p (mbar),rh (%)
2009-01-01 00:00:00,4.93,1011.47,77.39
2009-01-01 00:10:00,5.36,1011.36,73.97
2009-01-01 00:20:00,5.19,1011.38,76.79
2009-01-01 00:30:00,5.1,1011.57,79.68
2009-01-01 00:40:00,5.4,1011.45,75.42
2009-01-01 00:50:00,4.61,1011.73,80.71
2009-01-01 01:00:00,5.19,1011.46,78.28
2009-01-01 01:10:00,4.5,1011.62,79.22
2009-01-01 01:20:00,5.74,1011.28,77.15
2009-01-01 01:30:00,5.5,1011.66,74.52
2009-01-01 01:40:00,5.75,1010.91,71.13
2009-01-01 01:50:00,5.26,1011.24,78.86
2009-01-01 02:00:00,6.0,1010.94,77.69
2009-01-01 02:10:00,5.28,1011.5,76.49
2009-01-01 02:20:00,5.96,1011.58,77.33
2009-01-01 02:30:00,6.21,1011.46,76.64
2009-01-01 02:40:00,5.86,1011.17,75.28
2009-01-01 02:50:00,6.56,1011.1,79.83
2009-01-01 03:00:00,6.05,1011.01,77.45
2009-01-01 03:10:00,7.33,1011.12,75.67
2009-01-01 03:20:00,7.5,1010.9,70.91
2009-01-01 03:30:00,6.69,1011.46,72.08
2009-01-01 03:40:00,7.15,1011.12,73.65
2009-01-01 03:50:00,7.68,1011.07,78.13
2009-01-01 04:00:00,7.81,1010.68,72.16
2009-01-01 04:10:00,7.28,1011.32,72.95
2009-01-01 04:20:00,7.85,1011.1,71.78
2009-01-01 04:30:00,7.94,1010.3,70.93
2009-01-01 04:40:00,8.01,1010.97,75.38
2009-01-01 04:50:00,8.49,1010.78,72.61
2009-01-01 05:00:00,9.25,1010.75,71.67
2009-01-01 05:10:00,8.41,1011.02,73.14
2009-01-01 05:20:00,9.75,1010.35,74.29
2009-01-01 05:30:00,9.17,1011.01,71.48
2009-01-01 05:40:00,9.31,1010.17,70.74
2009-01-01 05:50:00,10.49,1010.4,70.64
2009-01-01 06:00:00,8.81,1010.88,72.89
2009-01-01 06:10:00,9.94,1010.15,70.08
2009-01-01 06:20:00,11.3,1009.62,67.2
2009-01-01 06:30:00,11.33,1009.8,67.27
2009-01-01 06:40:00,10.92,1009.7,69.06
2009-01-01 06:50:00,10.48,1010.48,69.29
2009-01-01 07:00:00,12.44,1009.72,69.08
2009-01-01 07:10:00,10.85,1010.08,69.37
2009-01-01 07:20:00,12.58,1009.1,68.11
2009-01-01 07:30:00,12.21,1010.19,68.11
2009-01-01 07:40:00,12.14,1009.6,64.29
2009-01-01 07:50:00,12.41,1009.63,70.43
2009-01-01 08:00:00,12.19,1009.85,63.57
2009-01-01 08:10:00,12.49,1009.76,67.91
2009-01-01 08:20:00,13.59,1009.34,62.38
2009-01-01 08:30:00,13.27,1009.61,66.07
2009-01-01 08:40:00,12.86,1009.93,65.88
2009-01-01 08:50:00,13.73,1009.72,65.63
2009-01-01 09:00:00,13.68,1010.01,64.97
2009-01-01 09:10:00,13.54,1009.45,67.66
2009-01-01 09:20:00,13.89,1009.47,66.56
2009-01-01 09:30:00,13.71,1008.86,65.03
2009-01-01 09:40:00,14.21,1009.06,65.43
2009-01-01 09:50:00,14.52,1008.85,64.26
2009-01-01 10:00:00,14.23,1008.8,64.56
2009-01-01 10:10:00,14.41,1008.98,64.43
2009-01-01 10:20:00,14.78,1008.93,63.64
2009-01-01 10:30:00,15.13,1008.79,63.07
2009-01-01 10:40:00,14.7,1009.82,59.23
2009-01-01 10:50:00,15.12,1008.93,62.13
2009-01-01 11:00:00,15.78,1008.83,65.81
2009-01-01 11:10:00,14.66,1009.28,62.03
2009-01-01 11:20:00,14.58,1009.23,62.57
2009-01-01 11:30:00,15.06,1008.44,66.42
2009-01-01 11:40:00,14.9,1009.66,60.64
2009-01-01 11:50:00,15.14,1010.02,60.55
2009-01-01 12:00:00,14.25,1009.18,64.57
2009-01-01 12:10:00,15.34,1009.41,61.47
2009-01-01 12:20:00,14.18,1009.25,66.21
2009-01-01 12:30:00,15.19,1008.5,62.14
2009-01-01 12:40:00,15.62,1009.6,62.69
2009-01-01 12:50:00,15.04,1008.78,60.76
2009-01-01 13:00:00,14.85,1009.36,63.88
2009-01-01 13:10:00,14.53,1008.97,61.65
2009-01-01 13:20:00,14.12,1009.64,59.2
2009-01-01 13:30:00,14.45,1009.49,66.36
2009-01-01 13:40:00,14.57,1009.63,62.35
2009-01-01 13:50:00,14.06,1009.29,66.96
2009-01-01 14:00:00,14.83,1009.41,69.42
2009-01-01 14:10:00,14.2,1009.65,64.31
2009-01-01 14:20:00,13.98,1010.23,67.04
2009-01-01 14:30:00,13.27,1009.64,65.96
2009-01-01 14:40:00,14.22,1009.08,59.16
2009-01-01 14:50:00,12.73,1009.92,65.69
2009-01-01 15:00:00,13.71,1009.42,61.99
2009-01-01 15:10:00,12.37,1010.16,67.19
2009-01-01 15:20:00,13.71,1009.91,64.05
2009-01-01 15:30:00,13.72,1009.63,63.1
2009-01-01 15:40:00,12.61,1009.84,61.76
2009-01-01 15:50:00,12.76,1010.05,65.13
2009-01-01 16:00:00,12.14,1010.28,70.22
2009-01-01 16:10:00,12.33,1009.97,65.33
2009-01-01 16:20:00,12.08,1009.83,66.63
2009-01-01 16:30:00,11.94,1010.81,68.97
2009-01-01 16:40:00,12.23,1009.96,68.0
2009-01-01 16:50:00,10.93,1010.67,69.44
2009-01-01 17:00:00,10.91,1011.19,69.77
2009-01-01 17:10:00,10.13,1011.0,68.99
2009-01-01 17:20:00,10.87,1010.76,69.48
2009-01-01 17:30:00,9.63,1010.65,72.1
2009-01-01 17:40:00,11.09,1011.14,71.98
2009-01-01 17:50:00,9.19,1011.37,67.38
2009-01-01 18:00:00,10.81,1010.74,66.51
2009-01-01 18:10:00,10.79,1010.87,65.04
2009-01-01 18:20:00,9.71,1010.79,70.66
2009-01-01 18:30:00,9.11,1011.61,68.48
2009-01-01 18:40:00,9.29,1011.7,69.41
2009-01-01 18:50:00,9.02,1011.3,70.09
2009-01-01 19:00:00,9.03,1011.27,69.57
2009-01-01 19:10:00,9.38,1011.39,70.6
2009-01-01 19:20:00,7.97,1011.34,75.5
2009-01-01 19:30:00,8.01,1011.71,72.61
2009-01-01 19:40:00,8.2,1011.49,74.24
2009-01-01 19:50:00,7.6,1011.96,74.95
2009-01-01 20:00:00,7.44,1011.51,71.96
2009-01-01 20:10:00,6.94,1011.63,76.32
2009-01-01 20:20:00,7.11,1012.35,78.9
2009-01-01 20:30:00,6.97,1011.47,73.78
2009-01-01 20:40:00,6.75,1011.56,74.38
2009-01-01 20:50:00,6.77,1011.87,73.31
2009-01-01 21:00:00,6.09,1012.76,75.55
2009-01-01 21:10:00,5.9,1012.17,78.06
2009-01-01 21:20:00,5.83,1012.46,77.71
2009-01-01 21:30:00,6.41,1012.56,74.29
2009-01-01 21:40:00,6.47,1011.9,74.5
2009-01-01 21:50:00,6.38,1012.41,75.43
2009-01-01 22:00:00,5.07,1012.74,76.13
2009-01-01 22:10:00,5.1,1012.37,77.84
2009-01-01 22:20:00,4.41,1012.89,78.74
2009-01-01 22:30:00,5.09,1012.9,78.59
2009-01-01 22:40:00,5.0,1012.42,78.89
2009-01-01 22:50:00,4.47,1012.68,77.03
2009-01-01 23:00:00,5.21,1012.63,77.27
2009-01-01 23:10:00,5.69,1012.5,75.84
2009-01-01 23:20:00,4.47,1013.02,79.35
2009-01-01 23:30:00,5.77,1012.2,76.4
2009-01-01 23:40:00,4.99,1012.64,77.54
2009-01-01 23:50:00,4.15,1013.17,80.09
2009-01-02 00:00:00,5.57,1013.18,76.01
2009-01-02 00:10:00,4.99,1012.69,81.4
2009-01-02 00:20:00,4.15,1013.09,75.83
2009-01-02 00:30:00,3.75,1012.46,76.61
2009-01-02 00:40:00,5.61,1012.26,76.13
2009-01-02 00:50:00,4.54,1013.03,75.99
2009-01-02 01:00:00,5.83,1012.17,74.73
2009-01-02 01:10:00,5.29,1012.64,79.91
2009-01-02 01:20:00,5.36,1012.26,75.84
2009-01-02 01:30:00,5.09,1012.93,78.13
2009-01-02 01:40:00,5.41,1012.88,75.83
2009-01-02 01:50:00,5.5,1012.66,79.81
2009-01-02 02:00:00,5.62,1012.47,74.48
2009-01-02 02:10:00,6.13,1012.25,76.5
2009-01-02 02:20:00,4.95,1013.1,74.91
2009-01-02 02:30:00,5.64,1012.9,73.86
2009-01-02 02:40:00,6.13,1012.47,73.81
2009-01-02 02:50:00,6.99,1012.65,70.58
2009-01-02 03:00:00,5.74,1012.82,73.78
2009-01-02 03:10:00,6.43,1012.42,76.74
2009-01-02 03:20:00,6.67,1012.34,73.43
2009-01-02 03:30:00,7.6,1011.89,74.28
2009-01-02 03:40:00,6.88,1012.29,74.35
2009-01-02 03:50:00,7.23,1011.86,75.74
2009-01-02 04:00:00,8.21,1011.95,74.15
2009-01-02 04:10:00,8.11,1012.19,73.44
2009-01-02 04:20:00,7.99,1012.21,73.15
2009-01-02 04:30:00,7.6,1012.08,69.82
2009-01-02 04:40:00,8.29,1012.0,75.04
2009-01-02 04:50:00,8.57,1012.08,72.14
2009-01-02 05:00:00,8.19,1011.5,70.77
2009-01-02 05:10:00,8.23,1012.1,72.23
2009-01-02 05:20:00,9.42,1011.59,72.96
2009-01-02 05:30:00,9.88,1011.24,69.64
2009-01-02 05:40:00,9.3,1011.13,72.4
2009-01-02 05:50:00,10.38,1011.29,68.45
2009-01-02 06:00:00,10.55,1010.55,69.54
2009-01-02 06:10:00,10.29,1011.16,72.35
2009-01-02 06:20:00,10.92,1011.07,68.44
2009-01-02 06:30:00,10.46,1011.14,66.7
2009-01-02 06:40:00,11.56,1011.28,69.26
2009-01-02 06:50:00,10.54,1011.91,73.16
2009-01-02 07:00:00,11.39,1010.76,66.18
2009-01-02 07:10:00,11.71,1010.67,67.36
2009-01-02 07:20:00,12.25,1010.33,70.63
2009-01-02 07:30:00,12.7,1010.29,63.13
2009-01-02 07:40:00,11.97,1010.57,66.52
2009-01-02 07:50:00,11.02,1011.11,72.08
2009-01-02 08:00:00,11.94,1010.82,64.11
2009-01-02 08:10:00,13.01,1010.52,69.37
2009-01-02 08:20:00,12.97,1010.49,66.64
2009-01-02 08:30:00,12.79,1010.26,66.42
2009-01-02 08:40:00,13.13,1010.62,66.06
2009-01-02 08:50:00,13.12,1010.7,68.79
2009-01-02 09:00:00,12.98,1011.15,65.04
2009-01-02 09:10:00,13.3,1011.26,65.36
2009-01-02 09:20:00,14.52,1010.42,59.87
2009-01-02 09:30:00,14.03,1010.17,61.28
2009-01-02 09:40:00,13.21,1010.61,66.37
2009-01-02 09:50:00,14.41,1010.13,61.78
2009-01-02 10:00:00,13.84,1010.24,62.18
2009-01-02 10:10:00,14.33,1010.25,61.71
2009-01-02 10:20:00,14.42,1010.01,63.37
2009-01-02 10:30:00,14.87,1010.16,63.63
2009-01-02 10:40:00,13.87,1010.3,64.74
2009-01-02 10:50:00,15.09,1009.58,62.68
2009-01-02 11:00:00,15.43,1009.9,61.66
2009-01-02 11:10:00,15.11,1010.13,63.69
2009-01-02 11:20:00,14.96,1010.15,60.99
2009-01-02 11:30:00,14.87,1010.52,62.28
2009-01-02 11:40:00,14.9,1009.99,64.23
2009-01-02 11:50:00,14.57,1010.52,61.27
2009-01-02 12:00:00,14.47,1010.34,63.55
2009-01-02 12:10:00,15.14,1010.4,61.46
2009-01-02 12:20:00,15.2,1009.79,64.71
2009-01-02 12:30:00,15.27,1010.21,62.47
2009-01-02 12:40:00,14.53,1010.18,64.21
2009-01-02 12:50:00,14.87,1010.22,59.97
2009-01-02 13:00:00,14.92,1009.96,60.45
2009-01-02 13:10:00,14.69,1009.69,64.36
2009-01-02 13:20:00,15.12,1010.1,60.33
2009-01-02 13:30:00,14.15,1010.37,58.93
2009-01-02 13:40:00,14.62,1010.48,62.44
2009-01-02 13:50:00,14.19,1010.47,64.42
2009-01-02 14:00:00,14.88,1010.22,61.3
2009-01-02 14:10:00,13.99,1010.54,67.13
2009-01-02 14:20:00,13.94,1010.19,62.36
2009-01-02 14:30:00,12.92,1010.91,62.9
2009-01-02 14:40:00,13.21,1010.14,62.94
2009-01-02 14:50:00,13.97,1010.12,60.54
2009-01-02 15:00:00,13.62,1010.52,65.43
2009-01-02 15:10:00,13.75,1010.58,61.78
2009-01-02 15:20:00,13.15,1010.92,64.11
2009-01-02 15:30:00,12.33,1011.35,65.68
2009-01-02 15:40:00,12.66,1010.93,68.07
2009-01-02 15:50:00,12.82,1010.78,67.14
2009-01-02 16:00:00,13.57,1011.08,65.99
2009-01-02 16:10:00,11.75,1012.34,64.98
2009-01-02 16:20:00,11.93,1010.95,70.36
2009-01-02 16:30:00,12.12,1010.68,67.35
2009-01-02 16:40:00,11.98,1011.06,64.58
2009-01-02 16:50:00,11.14,1011.28,68.33
2009-01-02 17:00:00,11.03,1011.67,66.55
2009-01-02 17:10:00,10.22,1011.48,72.37
2009-01-02 17:20:00,10.58,1012.29,70.11
2009-01-02 17:30:00,10.07,1011.5,70.38
2009-01-02 17:40:00,9.85,1012.53,68.25
2009-01-02 17:50:00,10.56,1012.05,68.94
2009-01-02 18:00:00,9.5,1011.85,71.47
2009-01-02 18:10:00,10.22,1011.74,66.87
2009-01-02 18:20:00,9.59,1011.71,66.26
2009-01-02 18:30:00,9.0,1011.66,72.68
2009-01-02 18:40:00,10.1,1012.32,68.7
2009-01-02 18:50:00,8.68,1012.4,74.1
2009-01-02 19:00:00,8.5,1012.21,76.67
2009-01-02 19:10:00,8.44,1012.13,72.58
2009-01-02 19:20:00,8.58,1011.93,71.63
2009-01-02 19:30:00,7.5,1012.48,77.5
2009-01-02 19:40:00,8.26,1012.31,70.75
2009-01-02 19:50:00,7.54,1012.88,72.57
2009-01-02 20:00:00,8.23,1011.95,72.08
2009-01-02 20:10:00,8.18,1011.77,75.1
2009-01-02 20:20:00,6.21,1012.95,75.35
2009-01-02 20:30:00,7.37,1011.68,70.11
2009-01-02 20:40:00,6.5,1012.9,73.46
2009-01-02 20:50:00,6.51,1012.54,74.43
2009-01-02 21:00:00,6.04,1013.11,77.1
2009-01-02 21:10:00,7.03,1012.55,73.82
2009-01-02 21:20:00,6.19,1012.91,75.61
2009-01-02 21:30:00,5.25,1013.39,75.29
2009-01-02 21:40:00,5.43,1012.76,79.18
2009-01-02 21:50:00,5.71,1013.5,76.98
2009-01-02 22:00:00,4.82,1013.1,79.29
2009-01-02 22:10:00,5.18,1012.99,76.87
2009-01-02 22:20:00,5.38,1012.96,76.28
2009-01-02 22:30:00,5.14,1012.56,78.29
2009-01-02 22:40:00,4.9,1013.8,75.36
2009-01-02 22:50:00,4.44,1013.91,75.17
2009-01-02 23:00:00,4.85,1013.61,77.06
2009-01-02 23:10:00,4.29,1013.66,78.18
2009-01-02 23:20:00,5.72,1013.35,82.49
2009-01-02 23:30:00,4.22,1013.62,76.54
2009-01-02 23:40:00,5.6,1013.46,78.11
2009-01-02 23:50:00,4.62,1013.29,74.02
2009-01-03 00:00:00,5.85,1013.3,75.7
2009-01-03 00:10:00,5.47,1013.49,78.74
2009-01-03 00:20:00,4.21,1013.43,79.08
2009-01-03 00:30:00,5.22,1013.63,75.15
2009-01-03 00:40:00,5.14,1014.03,78.67
2009-01-03 00:50:00,5.55,1013.24,78.2
2009-01-03 01:00:00,6.07,1013.13,78.34
2009-01-03 01:10:00,4.79,1013.66,79.62
2009-01-03 01:20:00,4.93,1013.77,76.26
2009-01-03 01:30:00,4.98,1013.43,81.4
2009-01-03 01:40:00,5.62,1013.52,75.1
2009-01-03 01:50:00,5.6,1012.9,75.45
2009-01-03 02:00:00,6.09,1013.09,78.77
2009-01-03 02:10:00,5.68,1013.17,79.03
2009-01-03 02:20:00,5.58,1012.81,79.23
2009-01-03 02:30:00,6.24,1012.42,75.73
2009-01-03 02:40:00,5.97,1013.67,74.59
2009-01-03 02:50:00,6.02,1012.86,73.86
2009-01-03 03:00:00,6.11,1012.68,73.77
2009-01-03 03:10:00,5.82,1012.75,73.15
2009-01-03 03:20:00,6.53,1012.79,72.76
2009-01-03 03:30:00,7.2,1012.78,73.34
2009-01-03 03:40:00,6.9,1013.36,75.13
2009-01-03 03:50:00,7.55,1011.91,72.37
2009-01-03 04:00:00,6.41,1012.9,76.12
2009-01-03 04:10:00,7.35,1012.91,71.92
2009-01-03 04:20:00,8.17,1012.04,72.21
2009-01-03 04:30:00,8.3,1012.63,72.3
2009-01-03 04:40:00,9.26,1012.06,70.21
2009-01-03 04:50:00,7.12,1013.36,73.59
2009-01-03 05:00:00,8.12,1012.93,75.29
2009-01-03 05:10:00,8.97,1011.85,72.38
2009-01-03 05:20:00,8.82,1011.97,73.86
2009-01-03 05:30:00,8.28,1012.66,73.5
2009-01-03 05:40:00,10.59,1011.89,65.0
2009-01-03 05:50:00,9.36,1012.18,71.67
2009-01-03 06:00:00,10.49,1011.24,68.6
2009-01-03 06:10:00,10.7,1012.23,72.67
2009-01-03 06:20:00,10.24,1012.24,73.06
2009-01-03 06:30:00,11.25,1011.82,69.78
2009-01-03 06:40:00,10.47,1011.4,71.26
2009-01-03 06:50:00,10.91,1011.7,67.48
2009-01-03 07:00:00,11.1,1011.72,66.31
2009-01-03 07:10:00,11.54,1011.6,67.54
2009-01-03 07:20:00,11.34,1011.82,71.74
2009-01-03 07:30:00,11.61,1011.87,69.36
2009-01-03 07:40:00,10.79,1011.52,67.55
2009-01-03 07:50:00,12.7,1011.23,66.9
2009-01-03 08:00:00,12.82,1010.87,64.28
2009-01-03 08:10:00,12.08,1011.32,66.65
2009-01-03 08:20:00,12.95,1010.89,67.38
2009-01-03 08:30:00,13.5,1011.4,66.17
2009-01-03 08:40:00,13.31,1011.2,66.26
2009-01-03 08:50:00,13.05,1011.46,68.86
2009-01-03 09:00:00,14.52,1010.65,63.86
2009-01-03 09:10:00,13.89,1010.83,65.4
2009-01-03 09:20:00,13.77,1010.81,67.86
2009-01-03 09:30:00,14.05,1010.8,65.69
2009-01-03 09:40:00,14.17,1010.83,63.62
2009-01-03 09:50:00,13.61,1010.91,62.32
2009-01-03 10:00:00,14.44,1010.31,65.18
2009-01-03 10:10:00,14.81,1010.64,62.59
2009-01-03 10:20:00,14.74,1009.99,60.7
2009-01-03 10:30:00,14.55,1010.74,63.02
2009-01-03 10:40:00,14.2,1010.78,62.8
2009-01-03 10:50:00,14.23,1010.83,63.23
2009-01-03 11:00:00,15.43,1010.57,63.33
2009-01-03 11:10:00,15.04,1010.23,60.57
2009-01-03 11:20:00,14.19,1011.61,61.56
2009-01-03 11:30:00,14.85,1010.44,62.16
2009-01-03 11:40:00,14.69,1010.03,60.97
2009-01-03 11:50:00,14.3,1010.67,62.18
2009-01-03 12:00:00,14.66,1010.67,61.85
2009-01-03 12:10:00,15.46,1010.25,62.26
2009-01-03 12:20:00,14.32,1010.9,62.71
2009-01-03 12:30:00,15.16,1010.55,61.91
2009-01-03 12:40:00,15.03,1010.37,65.14
2009-01-03 12:50:00,15.35,1010.54,59.62
2009-01-03 13:00:00,14.28,1010.52,63.09
2009-01-03 13:10:00,14.99,1010.23,64.87
2009-01-03 13:20:00,14.7,1009.98,62.0
2009-01-03 13:30:00,13.33,1010.77,63.91
2009-01-03 13:40:00,14.23,1010.63,62.87
2009-01-03 13:50:00,14.14,1011.21,66.22
2009-01-03 14:00:00,13.76,1011.25,61.12
2009-01-03 14:10:00,13.81,1011.31,59.81
2009-01-03 14:20:00,14.38,1010.31,63.14
2009-01-03 14:30:00,13.88,1011.34,62.56
2009-01-03 14:40:00,13.8,1011.04,63.8
2009-01-03 14:50:00,13.28,1010.99,65.27
2009-01-03 15:00:00,13.98,1010.52,63.14
2009-01-03 15:10:00,13.54,1010.88,64.32
2009-01-03 15:20:00,13.21,1010.82,63.59
2009-01-03 15:30:00,13.26,1010.68,67.43
2009-01-03 15:40:00,12.98,1010.71,66.1
2009-01-03 15:50:00,12.77,1011.39,68.16
2009-01-03 16:00:00,12.32,1011.08,65.31
2009-01-03 16:10:00,11.82,1011.22,67.84
2009-01-03 16:20:00,12.12,1011.2,65.34
2009-01-03 16:30:00,12.09,1011.21,64.79
2009-01-03 16:40:00,11.63,1011.42,65.41
2009-01-03 16:50:00,11.92,1011.66,67.21
2009-01-03 17:00:00,11.36,1011.73,67.9
2009-01-03 17:10:00,11.53,1012.02,67.87
2009-01-03 17:20:00,11.09,1011.92,67.69
2009-01-03 17:30:00,10.09,1012.22,66.73
2009-01-03 17:40:00,11.33,1011.84,68.38
2009-01-03 17:50:00,10.24,1012.43,67.74
2009-01-03 18:00:00,9.42,1011.97,70.35
2009-01-03 18:10:00,9.28,1012.24,71.35
2009-01-03 18:20:00,9.16,1012.71,68.48
2009-01-03 18:30:00,8.71,1012.47,71.52
2009-01-03 18:40:00,9.34,1011.98,68.92
2009-01-03 18:50:00,8.6,1012.18,73.16
2009-01-03 19:00:00,8.47,1012.66,73.48
2009-01-03 19:10:00,9.02,1012.53,73.04
2009-01-03 19:20:00,8.67,1012.21,71.46
2009-01-03 19:30:00,7.17,1012.9,72.9
2009-01-03 19:40:00,8.09,1012.69,70.16
2009-01-03 19:50:00,7.18,1012.7,73.19
2009-01-03 20:00:00,7.58,1012.33,73.72
2009-01-03 20:10:00,6.47,1012.37,76.73
2009-01-03 20:20:00,6.48,1012.84,72.45
2009-01-03 20:30:00,6.25,1012.96,74.8
2009-01-03 20:40:00,7.28,1012.9,73.56
2009-01-03 20:50:00,7.0,1013.18,75.32
2009-01-03 21:00:00,6.26,1013.37,79.15
2009-01-03 21:10:00,6.64,1013.48,76.89
2009-01-03 21:20:00,6.59,1012.64,72.88
2009-01-03 21:30:00,6.01,1012.64,74.8
2009-01-03 21:40:00,6.34,1012.84,76.56
2009-01-03 21:50:00,5.11,1013.25,79.39
2009-01-03 22:00:00,5.77,1013.29,79.75
2009-01-03 22:10:00,6.21,1012.8,78.32
2009-01-03 22:20:00,5.16,1013.37,77.29
2009-01-03 22:30:00,5.92,1012.81,77.03
2009-01-03 22:40:00,5.56,1013.5,76.23
2009-01-03 22:50:00,5.73,1012.99,78.69
2009-01-03 23:00:00,5.35,1012.89,77.8
2009-01-03 23:10:00,5.21,1013.25,75.72
2009-01-03 23:20:00,4.96,1012.99,80.95
2009-01-03 23:30:00,4.48,1013.37,80.57
2009-01-03 23:40:00,5.31,1013.53,80.07
2009-01-03 23:50:00,4.85,1013.14,79.42
2009-01-04 00:00:00,5.4,1013.18,74.37
2009-01-04 00:10:00,5.62,1013.38,73.82
2009-01-04 00:20:00,5.41,1012.84,75.92
2009-01-04 00:30:00,4.48,1013.36,76.61
2009-01-04 00:40:00,4.77,1013.68,78.44
2009-01-04 00:50:00,5.43,1013.59,76.11
2009-01-04 01:00:00,5.21,1013.48,80.6
2009-01-04 01:10:00,5.68,1013.59,78.52
2009-01-04 01:20:00,5.83,1012.59,78.02
2009-01-04 01:30:00,5.49,1013.25,75.71
2009-01-04 01:40:00,5.26,1013.42,78.8
2009-01-04 01:50:00,4.82,1013.49,76.65
2009-01-04 02:00:00,5.19,1013.43,76.55
2009-01-04 02:10:00,5.45,1013.0,77.38
2009-01-04 02:20:00,5.9,1012.76,74.47
2009-01-04 02:30:00,5.94,1013.2,73.99
2009-01-04 02:40:00,6.41,1012.68,80.83
2009-01-04 02:50:00,5.84,1012.86,76.62
2009-01-04 03:00:00,6.01,1013.29,79.58
2009-01-04 03:10:00,6.43,1012.97,74.32
2009-01-04 03:20:00,6.79,1013.23,76.61
2009-01-04 03:30:00,6.5,1013.35,77.57
2009-01-04 03:40:00,7.38,1012.42,74.07
2009-01-04 03:50:00,6.92,1012.9,73.99
2009-01-04 04:00:00,6.38,1013.19,75.81
2009-01-04 04:10:00,8.23,1012.31,73.03
2009-01-04 04:20:00,8.44,1012.4,72.91
2009-01-04 04:30:00,9.69,1011.86,70.8
2009-01-04 04:40:00,9.16,1011.82,69.18
2009-01-04 04:50:00,7.78,1012.63,74.58
2009-01-04 05:00:00,9.08,1011.68,73.4
2009-01-04 05:10:00,9.52,1011.92,70.79
2009-01-04 05:20:00,9.47,1012.07,72.08
2009-01-04 05:30:00,8.8,1012.1,69.37
2009-01-04 05:40:00,9.88,1011.98,69.98
2009-01-04 05:50:00,9.93,1011.34,71.82
2009-01-04 06:00:00,9.77,1011.89,72.58
2009-01-04 06:10:00,9.84,1012.19,70.49
2009-01-04 06:20:00,10.45,1011.81,66.83
2009-01-04 06:30:00,10.95,1011.5,70.65
2009-01-04 06:40:00,10.76,1011.43,69.6
2009-01-04 06:50:00,11.05,1011.09,68.03
2009-01-04 07:00:00,11.93,1011.15,65.37
2009-01-04 07:10:00,11.86,1010.64,62.97
2009-01-04 07:20:00,11.71,1011.29,67.88
2009-01-04 07:30:00,11.47,1011.26,65.0
2009-01-04 07:40:00,12.22,1010.59,66.37
2009-01-04 07:50:00,12.44,1010.48,65.3
2009-01-04 08:00:00,12.89,1011.33,62.65
2009-01-04 08:10:00,12.86,1010.5,63.02
2009-01-04 08:20:00,13.67,1010.82,62.89
2009-01-04 08:30:00,13.15,1010.97,65.63
2009-01-04 08:40:00,14.34,1010.59,57.51
2009-01-04 08:50:00,13.23,1010.52,64.74
2009-01-04 09:00:00,13.54,1010.45,62.52
2009-01-04 09:10:00,14.37,1010.57,62.11
2009-01-04 09:20:00,14.17,1010.65,66.28
2009-01-04 09:30:00,13.44,1010.89,63.63
2009-01-04 09:40:00,14.67,1010.23,58.45
2009-01-04 09:50:00,14.23,1009.88,63.21
2009-01-04 10:00:00,14.3,1010.27,60.57
2009-01-04 10:10:00,13.88,1010.26,63.69
2009-01-04 10:20:00,15.18,1010.33,61.29
2009-01-04 10:30:00,15.26,1009.68,63.49
2009-01-04 10:40:00,14.61,1010.35,64.36
2009-01-04 10:50:00,14.43,1010.56,63.34
2009-01-04 11:00:00,16.04,1009.75,63.49
2009-01-04 11:10:00,15.21,1009.73,64.91
2009-01-04 11:20:00,14.39,1009.65,65.12
2009-01-04 11:30:00,15.49,1010.0,61.24
2009-01-04 11:40:00,15.77,1010.11,60.03
2009-01-04 11:50:00,15.36,1009.64,60.84
2009-01-04 12:00:00,14.47,1009.62,60.93
2009-01-04 12:10:00,15.61,1009.6,60.49
2009-01-04 12:20:00,14.4,1010.55,63.4
2009-01-04 12:30:00,15.2,1010.01,59.85
2009-01-04 12:40:00,14.44,1010.52,63.23
2009-01-04 12:50:00,15.27,1009.06,64.32
2009-01-04 13:00:00,14.58,1010.86,62.1
2009-01-04 13:10:00,14.78,1010.34,61.07
2009-01-04 13:20:00,15.13,1009.84,64.88
2009-01-04 13:30:00,15.02,1010.21,61.03
2009-01-04 13:40:00,14.43,1010.33,59.29
2009-01-04 13:50:00,14.16,1010.59,61.22
2009-01-04 14:00:00,14.97,1009.87,63.19
2009-01-04 14:10:00,13.64,1010.6,65.46
2009-01-04 14:20:00,14.66,1010.55,65.51
2009-01-04 14:30:00,14.07,1009.95,66.54
2009-01-04 14:40:00,13.18,1010.45,66.71
2009-01-04 14:50:00,13.91,1010.83,64.13
2009-01-04 15:00:00,12.69,1010.63,66.31
2009-01-04 15:10:00,13.2,1010.98,64.7
2009-01-04 15:20:00,12.5,1010.9,63.96
2009-01-04 15:30:00,13.89,1010.42,61.35
2009-01-04 15:40:00,13.41,1011.19,60.88
2009-01-04 15:50:00,13.14,1010.7,65.64
2009-01-04 16:00:00,12.67,1010.83,64.61
2009-01-04 16:10:00,13.01,1010.17,69.4
2009-01-04 16:20:00,12.88,1010.26,65.67
2009-01-04 16:30:00,12.62,1010.53,65.74
2009-01-04 16:40:00,11.51,1011.36,66.52
2009-01-04 16:50:00,11.5,1011.17,67.34
2009-01-04 17:00:00,10.86,1010.79,65.67
2009-01-04 17:10:00,10.49,1010.78,67.81
2009-01-04 17:20:00,11.02,1011.15,66.82
2009-01-04 17:30:00,10.14,1011.09,67.01
2009-01-04 17:40:00,9.82,1011.7,67.46
2009-01-04 17:50:00,10.23,1011.17,74.52
2009-01-04 18:00:00,9.1,1011.74,70.68
2009-01-04 18:10:00,9.4,1011.68,71.22
2009-01-04 18:20:00,9.03,1011.82,72.23
2009-01-04 18:30:00,10.0,1011.21,72.94
2009-01-04 18:40:00,9.03,1011.09,72.5
2009-01-04 18:50:00,8.88,1011.46,73.55
2009-01-04 19:00:00,8.47,1012.14,72.13
2009-01-04 19:10:00,8.87,1011.91,72.64
2009-01-04 19:20:00,7.77,1012.31,73.38
2009-01-04 19:30:00,9.09,1011.77,72.87
2009-01-04 19:40:00,7.5,1011.98,73.94
2009-01-04 19:50:00,7.11,1011.86,74.12
2009-01-04 20:00:00,7.46,1012.16,76.04
2009-01-04 20:10:00,7.11,1012.4,74.04
2009-01-04 20:20:00,7.04,1012.29,70.31
2009-01-04 20:30:00,6.99,1012.03,72.66
2009-01-04 20:40:00,5.84,1012.43,72.48
2009-01-04 20:50:00,7.06,1012.12,71.05
2009-01-04 21:00:00,6.13,1012.69,74.62
2009-01-04 21:10:00,6.17,1012.33,75.48
2009-01-04 21:20:00,5.32,1012.68,75.9
2009-01-04 21:30:00,7.51,1011.96,72.82
2009-01-04 21:40:00,6.4,1012.31,75.91
2009-01-04 21:50:00,5.35,1013.13,75.73
2009-01-04 22:00:00,5.86,1012.84,75.6
2009-01-04 22:10:00,5.56,1012.76,78.02
2009-01-04 22:20:00,4.92,1012.82,75.72
2009-01-04 22:30:00,5.01,1012.54,79.92
2009-01-04 22:40:00,6.1,1013.18,75.74
2009-01-04 22:50:00,4.81,1012.49,81.0
2009-01-04 23:00:00,4.4,1012.8,77.27
2009-01-04 23:10:00,5.99,1012.11,78.21
2009-01-04 23:20:00,5.73,1012.43,77.33
2009-01-04 23:30:00,4.27,1012.89,78.16
2009-01-04 23:40:00,3.73,1013.2,80.12
2009-01-04 23:50:00,4.16,1012.51,77.26
2009-01-05 00:00:00,4.74,1012.66,75.98
2009-01-05 00:10:00,4.5,1012.91,77.3
2009-01-05 00:20:00,4.97,1012.6,78.47
2009-01-05 00:30:00,4.97,1012.92,77.76
2009-01-05 00:40:00,5.52,1012.87,73.8
2009-01-05 00:50:00,5.58,1013.0,74.69
2009-01-05 01:00:00,5.15,1012.48,78.15
2009-01-05 01:10:00,5.49,1012.28,79.39
2009-01-05 01:20:00,4.87,1012.61,79.74
2009-01-05 01:30:00,6.36,1012.05,77.03
2009-01-05 01:40:00,5.58,1011.96,74.72
2009-01-05 01:50:00,4.96,1012.46,76.72
2009-01-05 02:00:00,5.68,1012.77,77.32
2009-01-05 02:10:00,7.11,1011.88,75.91
2009-01-05 02:20:00,6.11,1012.69,75.08
2009-01-05 02:30:00,6.46,1012.62,73.87
2009-01-05 02:40:00,6.13,1012.37,74.93
2009-01-05 02:50:00,5.88,1012.84,75.73
2009-01-05 03:00:00,7.33,1011.69,73.59
2009-01-05 03:10:00,7.02,1011.87,72.67
2009-01-05 03:20:00,6.43,1012.18,74.03
2009-01-05 03:30:00,7.0,1011.25,73.38
2009-01-05 03:40:00,7.04,1011.75,72.45
2009-01-05 03:50:00,6.87,1011.97,77.67
2009-01-05 04:00:00,6.8,1011.88,76.75
2009-01-05 04:10:00,7.86,1011.61,72.31
2009-01-05 04:20:00,7.89,1011.59,68.79
2009-01-05 04:30:00,7.73,1011.07,75.99
2009-01-05 04:40:00,8.7,1011.12,73.56
2009-01-05 04:50:00,9.72,1010.86,73.02
2009-01-05 05:00:00,8.89,1011.22,69.46
2009-01-05 05:10:00,8.64,1011.24,67.41
2009-01-05 05:20:00,9.4,1011.02,71.82
2009-01-05 05:30:00,9.14,1012.09,67.98
2009-01-05 05:40:00,9.1,1011.41,76.07
2009-01-05 05:50:00,9.29,1011.68,69.24
2009-01-05 06:00:00,10.65,1010.74,73.49
2009-01-05 06:10:00,11.11,1010.37,74.21
2009-01-05 06:20:00,9.87,1010.84,73.81
2009-01-05 06:30:00,10.29,1010.61,69.83
2009-01-05 06:40:00,11.09,1010.66,66.87
2009-01-05 06:50:00,11.18,1010.71,71.24
2009-01-05 07:00:00,11.46,1010.05,67.87
2009-01-05 07:10:00,11.19,1010.89,64.86
2009-01-05 07:20:00,11.99,1009.93,69.56
2009-01-05 07:30:00,12.3,1010.21,67.56
2009-01-05 07:40:00,11.94,1010.45,66.98
2009-01-05 07:50:00,12.67,1010.04,61.03
2009-01-05 08:00:00,12.24,1010.6,69.54
2009-01-05 08:10:00,12.74,1009.95,65.22
2009-01-05 08:20:00,13.18,1010.02,63.27
2009-01-05 08:30:00,13.37,1010.15,63.03
2009-01-05 08:40:00,13.12,1009.98,66.76
2009-01-05 08:50:00,13.17,1009.66,64.32
2009-01-05 09:00:00,13.73,1009.78,64.37
2009-01-05 09:10:00,13.0,1009.53,66.77
2009-01-05 09:20:00,13.22,1009.85,64.45
2009-01-05 09:30:00,13.67,1009.65,67.85
2009-01-05 09:40:00,14.24,1009.37,60.69
2009-01-05 09:50:00,14.47,1009.72,64.51
2009-01-05 10:00:00,14.91,1009.39,60.02
2009-01-05 10:10:00,14.41,1009.54,64.82
2009-01-05 10:20:00,14.29,1009.4,64.3
2009-01-05 10:30:00,15.26,1009.42,63.41
2009-01-05 10:40:00,14.9,1008.91,60.45
2009-01-05 10:50:00,14.72,1009.57,63.71
2009-01-05 11:00:00,15.11,1008.68,59.41
2009-01-05 11:10:00,15.44,1009.02,59.21
2009-01-05 11:20:00,15.37,1009.12,67.86
2009-01-05 11:30:00,15.58,1009.07,61.32
2009-01-05 11:40:00,15.1,1009.07,59.48
2009-01-05 11:50:00,15.46,1009.07,56.3
2009-01-05 12:00:00,14.68,1008.96,64.94
2009-01-05 12:10:00,14.97,1009.56,59.36
2009-01-05 12:20:00,14.44,1009.59,62.02
2009-01-05 12:30:00,14.43,1009.11,61.84
2009-01-05 12:40:00,15.19,1009.36,59.04
2009-01-05 12:50:00,14.74,1009.16,63.06
2009-01-05 13:00:00,15.25,1009.03,60.97
2009-01-05 13:10:00,14.21,1008.75,62.94
2009-01-05 13:20:00,14.71,1009.42,62.19
2009-01-05 13:30:00,15.78,1008.79,60.36
2009-01-05 13:40:00,14.72,1008.83,63.34
2009-01-05 13:50:00,13.4,1009.71,65.03
2009-01-05 14:00:00,14.44,1009.23,60.8
2009-01-05 14:10:00,13.77,1009.85,65.34
2009-01-05 14:20:00,13.8,1009.49,65.12
2009-01-05 14:30:00,14.94,1009.34,63.41
2009-01-05 14:40:00,13.61,1009.94,64.39
2009-01-05 14:50:00,13.25,1009.13,63.4
2009-01-05 15:00:00,13.35,1009.69,66.8
2009-01-05 15:10:00,13.95,1009.32,65.73
2009-01-05 15:20:00,14.34,1009.42,66.69
2009-01-05 15:30:00,12.29,1009.53,65.07
2009-01-05 15:40:00,11.53,1010.0,70.49
2009-01-05 15:50:00,12.42,1009.76,64.66
2009-01-05 16:00:00,12.25,1009.83,64.23
2009-01-05 16:10:00,12.9,1008.96,66.3
2009-01-05 16:20:00,11.87,1010.29,68.72
2009-01-05 16:30:00,10.87,1009.4,66.69
2009-01-05 16:40:00,11.46,1009.89,67.87
2009-01-05 16:50:00,11.84,1009.41,63.64
2009-01-05 17:00:00,11.42,1009.83,67.66
2009-01-05 17:10:00,10.76,1010.08,71.83
2009-01-05 17:20:00,10.06,1009.96,71.2
2009-01-05 17:30:00,11.44,1009.85,65.32
2009-01-05 17:40:00,9.44,1010.58,68.35
2009-01-05 17:50:00,11.31,1010.63,68.49
2009-01-05 18:00:00,10.24,1010.2,71.92
2009-01-05 18:10:00,9.78,1010.39,73.05
2009-01-05 18:20:00,9.88,1010.97,66.91
2009-01-05 18:30:00,9.07,1010.29,73.08
2009-01-05 18:40:00,8.88,1010.79,69.33
2009-01-05 18:50:00,8.87,1011.3,74.97
2009-01-05 19:00:00,7.77,1011.04,75.0
2009-01-05 19:10:00,8.25,1010.45,73.95
2009-01-05 19:20:00,8.34,1010.91,72.17
2009-01-05 19:30:00,9.25,1010.19,70.13
2009-01-05 19:40:00,8.14,1011.0,70.03
2009-01-05 19:50:00,8.34,1010.28,72.5
2009-01-05 20:00:00,7.35,1010.79,76.25
2009-01-05 20:10:00,6.14,1011.14,73.98
2009-01-05 20:20:00,7.57,1011.39,75.2
2009-01-05 20:30:00,7.65,1010.22,73.85
2009-01-05 20:40:00,6.09,1011.23,76.35
2009-01-05 20:50:00,6.67,1011.58,71.04
2009-01-05 21:00:00,6.05,1010.9,72.65
2009-01-05 21:10:00,6.82,1011.16,77.89
2009-01-05 21:20:00,6.76,1011.13,72.92
2009-01-05 21:30:00,6.53,1010.96,72.81
2009-01-05 21:40:00,5.33,1011.56,79.54
2009-01-05 21:50:00,5.81,1011.74,76.47
2009-01-05 22:00:00,5.46,1012.28,80.46
2009-01-05 22:10:00,5.66,1011.15,73.29
2009-01-05 22:20:00,5.67,1011.31,77.43
2009-01-05 22:30:00,5.54,1011.55,78.97
2009-01-05 22:40:00,5.46,1011.22,75.27
2009-01-05 22:50:00,5.52,1011.08,78.15
2009-01-05 23:00:00,5.53,1011.38,75.15
2009-01-05 23:10:00,4.23,1011.44,75.4
2009-01-05 23:20:00,5.09,1011.38,75.52
2009-01-05 23:30:00,5.48,1011.42,76.88
2009-01-05 23:40:00,5.3,1011.74,73.85
2009-01-05 23:50:00,5.36,1010.86,75.37
2009-01-06 00:00:00,5.51,1011.56,78.07
2009-01-06 00:10:00,5.1,1011.89,74.27
2009-01-06 00:20:00,4.87,1011.54,81.77
2009-01-06 00:30:00,5.56,1011.62,75.14
2009-01-06 00:40:00,6.2,1011.25,73.69
2009-01-06 00:50:00,6.29,1010.64,73.83
2009-01-06 01:00:00,5.05,1011.14,78.47
2009-01-06 01:10:00,5.37,1011.36,80.73
2009-01-06 01:20:00,4.48,1011.99,76.62
2009-01-06 01:30:00,6.11,1011.66,80.44
2009-01-06 01:40:00,5.37,1010.95,77.6
2009-01-06 01:50:00,5.54,1010.71,78.16
2009-01-06 02:00:00,5.21,1011.77,79.12
2009-01-06 02:10:00,5.64,1011.2,76.05
2009-01-06 02:20:00,5.68,1012.1,74.61
2009-01-06 02:30:00,6.06,1011.35,75.14
2009-01-06 02:40:00,5.86,1010.71,78.6
2009-01-06 02:50:00,6.67,1010.99,71.98
2009-01-06 03:00:00,6.72,1010.91,74.25
2009-01-06 03:10:00,5.93,1011.04,74.36
2009-01-06 03:20:00,6.83,1010.8,74.08
2009-01-06 03:30:00,7.4,1010.58,74.96
2009-01-06 03:40:00,7.34,1010.91,72.06
2009-01-06 03:50:00,7.14,1010.93,74.6
2009-01-06 04:00:00,8.06,1010.6,72.02
2009-01-06 04:10:00,8.13,1010.27,74.72
2009-01-06 04:20:00,8.81,1010.46,76.36
2009-01-06 04:30:00,7.31,1010.41,73.5
2009-01-06 04:40:00,8.09,1010.44,72.13
2009-01-06 04:50:00,9.05,1010.33,72.25
2009-01-06 05:00:00,8.2,1010.44,74.05
2009-01-06 05:10:00,9.09,1010.01,74.16
2009-01-06 05:20:00,8.86,1009.95,73.05
2009-01-06 05:30:00,9.61,1010.08,70.01
2009-01-06 05:40:00,8.91,1009.66,70.77
2009-01-06 05:50:00,10.18,1009.88,66.1
2009-01-06 06:00:00,10.27,1009.58,67.52
2009-01-06 06:10:00,11.31,1009.36,69.68
2009-01-06 06:20:00,11.72,1008.98,66.63
2009-01-06 06:30:00,11.4,1008.85,68.05
2009-01-06 06:40:00,10.89,1009.68,69.47
2009-01-06 06:50:00,10.63,1009.75,70.75
2009-01-06 07:00:00,10.77,1009.2,67.8
2009-01-06 07:10:00,10.93,1009.67,67.96
2009-01-06 07:20:00,11.57,1008.84,66.85
2009-01-06 07:30:00,12.66,1009.04,62.78
2009-01-06 07:40:00,11.62,1009.31,66.58
2009-01-06 07:50:00,12.03,1008.72,64.29
2009-01-06 08:00:00,12.55,1008.71,68.46
2009-01-06 08:10:00,12.65,1008.49,67.41
2009-01-06 08:20:00,13.54,1008.28,61.28
2009-01-06 08:30:00,12.8,1008.31,69.08
2009-01-06 08:40:00,12.52,1008.7,69.17
2009-01-06 08:50:00,13.81,1008.24,62.71
2009-01-06 09:00:00,13.44,1008.43,67.83
2009-01-06 09:10:00,13.61,1008.04,66.56
2009-01-06 09:20:00,14.35,1008.14,65.02
2009-01-06 09:30:00,13.99,1007.95,63.85
2009-01-06 09:40:00,13.52,1008.25,62.84
2009-01-06 09:50:00,14.38,1008.23,60.79
2009-01-06 10:00:00,13.87,1008.32,65.12
2009-01-06 10:10:00,14.47,1007.47,65.87
2009-01-06 10:20:00,15.42,1008.32,62.96
2009-01-06 10:30:00,14.96,1007.77,62.94
2009-01-06 10:40:00,14.13,1008.25,60.94
2009-01-06 10:50:00,15.06,1007.82,63.94
2009-01-06 11:00:00,14.92,1007.82,64.31
2009-01-06 11:10:00,14.29,1008.06,62.48
2009-01-06 11:20:00,15.3,1007.8,62.6
2009-01-06 11:30:00,15.22,1007.14,60.32
2009-01-06 11:40:00,15.04,1008.19,63.59
2009-01-06 11:50:00,15.65,1007.63,61.73
2009-01-06 12:00:00,14.75,1007.83,61.21
2009-01-06 12:10:00,14.72,1007.9,61.61
2009-01-06 12:20:00,14.99,1007.32,63.36
2009-01-06 12:30:00,15.05,1007.98,61.5
2009-01-06 12:40:00,14.67,1008.24,62.69
2009-01-06 12:50:00,15.87,1007.16,60.69
2009-01-06 13:00:00,14.27,1007.82,62.02
2009-01-06 13:10:00,14.53,1008.2,60.92
2009-01-06 13:20:00,15.0,1007.38,61.68
2009-01-06 13:30:00,15.28,1007.86,62.63
2009-01-06 13:40:00,14.85,1008.02,63.99
2009-01-06 13:50:00,15.14,1007.44,62.15
2009-01-06 14:00:00,14.65,1008.11,64.14
2009-01-06 14:10:00,14.87,1007.66,60.0
2009-01-06 14:20:00,14.73,1007.85,61.8
2009-01-06 14:30:00,13.98,1007.93,66.04
2009-01-06 14:40:00,14.28,1008.06,64.67
2009-01-06 14:50:00,13.7,1008.44,59.72
2009-01-06 15:00:00,12.95,1008.34,64.75
2009-01-06 15:10:00,12.9,1008.54,63.69
2009-01-06 15:20:00,13.32,1008.26,65.13
2009-01-06 15:30:00,12.63,1008.36,68.51
2009-01-06 15:40:00,13.14,1008.55,65.13
2009-01-06 15:50:00,11.84,1008.5,66.95
2009-01-06 16:00:00,13.15,1008.58,66.12
2009-01-06 16:10:00,11.88,1008.65,66.66
2009-01-06 16:20:00,11.99,1008.2,67.94
2009-01-06 16:30:00,11.9,1008.83,64.23
2009-01-06 16:40:00,11.15,1009.9,66.52
2009-01-06 16:50:00,11.65,1008.78,65.56
2009-01-06 17:00:00,12.16,1008.47,67.06
2009-01-06 17:10:00,11.99,1008.3,66.04
2009-01-06 17:20:00,10.7,1008.5,69.51
2009-01-06 17:30:00,10.89,1008.9,69.98
2009-01-06 17:40:00,10.87,1008.95,68.21
2009-01-06 17:50:00,10.83,1008.64,71.55
2009-01-06 18:00:00,9.9,1009.35,73.8
2009-01-06 18:10:00,8.65,1009.43,71.22
2009-01-06 18:20:00,10.42,1008.83,74.83
2009-01-06 18:30:00,8.58,1009.6,71.35
2009-01-06 18:40:00,9.38,1009.08,70.02
2009-01-06 18:50:00,8.01,1009.68,69.99
2009-01-06 19:00:00,8.05,1009.66,72.68
2009-01-06 19:10:00,9.01,1008.93,72.33
2009-01-06 19:20:00,8.45,1009.4,70.72
2009-01-06 19:30:00,8.05,1009.87,72.18
2009-01-06 19:40:00,8.31,1009.44,75.98
2009-01-06 19:50:00,7.7,1009.64,70.22
2009-01-06 20:00:00,6.79,1010.08,74.37
2009-01-06 20:10:00,7.45,1009.55,73.52
2009-01-06 20:20:00,6.82,1010.03,74.33
2009-01-06 20:30:00,7.89,1009.4,75.4
2009-01-06 20:40:00,6.26,1009.95,73.93
2009-01-06 20:50:00,7.25,1009.92,74.4
2009-01-06 21:00:00,6.58,1009.66,77.93
2009-01-06 21:10:00,7.01,1009.83,74.51
2009-01-06 21:20:00,6.49,1009.94,74.86
2009-01-06 21:30:00,5.79,1010.09,75.37
2009-01-06 21:40:00,6.27,1009.95,74.74
2009-01-06 21:50:00,5.47,1009.83,79.92
2009-01-06 22:00:00,5.92,1010.39,75.05
2009-01-06 22:10:00,6.29,1010.06,78.46
2009-01-06 22:20:00,5.46,1010.24,75.75
2009-01-06 22:30:00,5.42,1010.33,79.86
2009-01-06 22:40:00,6.07,1010.09,78.33
2009-01-06 22:50:00,3.87,1010.57,79.69
2009-01-06 23:00:00,5.61,1010.31,76.47
2009-01-06 23:10:00,4.89,1010.15,81.47
2009-01-06 23:20:00,5.64,1010.55,76.57
2009-01-06 23:30:00,4.78,1010.58,77.79
2009-01-06 23:40:00,4.95,1010.34,76.3
2009-01-06 23:50:00,4.57,1010.39,75.38
2009-01-07 00:00:00,5.3,1010.49,75.51
2009-01-07 00:10:00,4.09,1010.71,79.34
2009-01-07 00:20:00,5.03,1009.9,73.62
2009-01-07 00:30:00,5.9,1009.97,77.16
2009-01-07 00:40:00,5.04,1010.41,74.88
2009-01-07 00:50:00,4.9,1009.91,75.48
2009-01-07 01:00:00,4.82,1009.8,76.85
2009-01-07 01:10:00,4.88,1009.96,77.42
2009-01-07 01:20:00,5.3,1009.93,81.08
2009-01-07 01:30:00,5.74,1010.38,75.73
2009-01-07 01:40:00,5.92,1010.21,74.09
2009-01-07 01:50:00,5.22,1011.06,76.34
2009-01-07 02:00:00,5.91,1009.9,77.79
2009-01-07 02:10:00,5.29,1009.85,79.34
2009-01-07 02:20:00,6.0,1009.18,76.04
2009-01-07 02:30:00,5.94,1010.15,76.73
2009-01-07 02:40:00,6.34,1009.84,76.07
2009-01-07 02:50:00,5.74,1009.74,74.69
2009-01-07 03:00:00,5.79,1010.2,78.46
2009-01-07 03:10:00,6.93,1009.44,73.53
2009-01-07 03:20:00,6.57,1010.05,76.2
2009-01-07 03:30:00,7.83,1009.04,72.81
2009-01-07 03:40:00,6.5,1009.3,74.94
2009-01-07 03:50:00,7.15,1009.37,71.21
2009-01-07 04:00:00,7.6,1009.3,75.43
2009-01-07 04:10:00,7.97,1008.87,73.84
2009-01-07 04:20:00,7.59,1009.83,73.56
2009-01-07 04:30:00,7.83,1009.17,70.25
2009-01-07 04:40:00,8.93,1009.59,68.15
2009-01-07 04:50:00,8.37,1009.09,71.26
2009-01-07 05:00:00,9.31,1009.2,70.54
2009-01-07 05:10:00,9.95,1008.64,69.59
2009-01-07 05:20:00,9.27,1008.61,74.0
2009-01-07 05:30:00,9.66,1008.6,70.15
2009-01-07 05:40:00,9.11,1008.94,68.75
2009-01-07 05:50:00,9.78,1008.5,71.46
2009-01-07 06:00:00,10.52,1008.67,68.97
2009-01-07 06:10:00,9.86,1008.53,70.17
2009-01-07 06:20:00,10.68,1008.2,67.05
2009-01-07 06:30:00,10.74,1008.75,72.64
2009-01-07 06:40:00,11.26,1007.88,70.92
2009-01-07 06:50:00,10.66,1008.13,69.87
2009-01-07 07:00:00,10.6,1008.61,68.99
2009-01-07 07:10:00,11.7,1007.79,69.14
2009-01-07 07:20:00,11.97,1007.84,68.94
2009-01-07 07:30:00,10.58,1008.47,68.91
2009-01-07 07:40:00,11.72,1008.06,68.43
2009-01-07 07:50:00,11.94,1007.9,67.01
2009-01-07 08:00:00,12.7,1008.07,65.03
2009-01-07 08:10:00,13.34,1007.11,65.58
2009-01-07 08:20:00,12.01,1007.92,68.43
2009-01-07 08:30:00,14.06,1007.29,62.42
2009-01-07 08:40:00,13.73,1007.38,64.61
2009-01-07 08:50:00,13.84,1007.66,60.78
2009-01-07 09:00:00,13.56,1007.41,62.52
2009-01-07 09:10:00,12.87,1007.59,64.76
2009-01-07 09:20:00,13.47,1007.39,64.1
2009-01-07 09:30:00,13.98,1007.74,63.98
2009-01-07 09:40:00,15.04,1007.32,64.38
2009-01-07 09:50:00,13.85,1007.21,62.38
2009-01-07 10:00:00,14.54,1007.06,64.08
2009-01-07 10:10:00,14.59,1007.11,62.41
2009-01-07 10:20:00,14.05,1007.09,65.37
2009-01-07 10:30:00,14.54,1007.05,64.93
2009-01-07 10:40:00,14.94,1006.5,62.43
2009-01-07 10:50:00,14.33,1007.1,64.28
2009-01-07 11:00:00,15.08,1007.39,61.37
2009-01-07 11:10:00,14.73,1007.16,64.82
2009-01-07 11:20:00,14.41,1007.29,64.72
2009-01-07 11:30:00,14.88,1006.85,64.14
2009-01-07 11:40:00,15.19,1006.95,60.74
2009-01-07 11:50:00,14.13,1007.12,63.26
2009-01-07 12:00:00,15.23,1006.58,63.43
2009-01-07 12:10:00,15.2,1006.59,64.09
2009-01-07 12:20:00,14.81,1006.72,63.29
2009-01-07 12:30:00,14.95,1006.61,63.82
2009-01-07 12:40:00,14.92,1006.66,59.11
2009-01-07 12:50:00,15.09,1006.86,62.6
2009-01-07 13:00:00,15.52,1005.95,64.26
2009-01-07 13:10:00,15.45,1006.42,63.85
2009-01-07 13:20:00,14.29,1006.74,63.36
2009-01-07 13:30:00,15.53,1006.79,61.8
2009-01-07 13:40:00,14.97,1006.65,65.53
2009-01-07 13:50:00,15.22,1006.89,60.59
2009-01-07 14:00:00,14.87,1006.95,63.99
2009-01-07 14:10:00,14.79,1007.01,61.02
2009-01-07 14:20:00,14.84,1006.94,63.39
2009-01-07 14:30:00,14.27,1007.12,65.08
2009-01-07 14:40:00,13.93,1007.07,63.01
2009-01-07 14:50:00,13.43,1007.18,66.83
2009-01-07 15:00:00,13.37,1007.25,64.75
2009-01-07 15:10:00,13.64,1007.39,68.48
2009-01-07 15:20:00,12.52,1007.46,67.37
2009-01-07 15:30:00,12.2,1008.14,66.47
2009-01-07 15:40:00,12.47,1007.83,61.9
2009-01-07 15:50:00,12.79,1007.14,65.78
2009-01-07 16:00:00,12.69,1007.7,66.79
2009-01-07 16:10:00,13.35,1007.28,64.29
2009-01-07 16:20:00,12.73,1007.42,66.75
2009-01-07 16:30:00,9.94,1008.41,69.93
2009-01-07 16:40:00,11.49,1007.61,69.57
2009-01-07 16:50:00,10.48,1009.05,71.58
2009-01-07 17:00:00,11.48,1008.37,68.33
2009-01-07 17:10:00,10.63,1008.36,65.78
2009-01-07 17:20:00,11.17,1008.24,69.32
2009-01-07 17:30:00,9.93,1008.31,69.86
2009-01-07 17:40:00,10.06,1007.51,67.53
2009-01-07 17:50:00,9.97,1008.57,75.55
2009-01-07 18:00:00,10.43,1007.85,68.52
2009-01-07 18:10:00,10.32,1008.3,70.3
2009-01-07 18:20:00,9.68,1008.66,74.95
2009-01-07 18:30:00,9.35,1008.45,71.98
2009-01-07 18:40:00,8.9,1007.87,72.64
2009-01-07 18:50:00,8.55,1009.03,72.54
2009-01-07 19:00:00,9.45,1008.1,73.08
2009-01-07 19:10:00,7.68,1009.17,73.0
2009-01-07 19:20:00,8.76,1008.45,73.23
2009-01-07 19:30:00,8.34,1008.8,73.38
2009-01-07 19:40:00,8.73,1008.39,74.72
2009-01-07 19:50:00,7.51,1009.28,78.41
2009-01-07 20:00:00,7.1,1008.4,74.68
2009-01-07 20:10:00,6.97,1008.92,73.89
2009-01-07 20:20:00,6.87,1009.54,76.95
2009-01-07 20:30:00,7.54,1009.6,72.15
2009-01-07 20:40:00,5.54,1010.1,77.19
2009-01-07 20:50:00,6.59,1008.64,72.41
2009-01-07 21:00:00,6.81,1009.07,70.48
2009-01-07 21:10:00,5.84,1009.71,78.79
2009-01-07 21:20:00,6.28,1010.11,77.64
2009-01-07 21:30:00,6.94,1009.46,76.25
2009-01-07 21:40:00,5.23,1009.09,75.67
2009-01-07 21:50:00,5.91,1009.36,76.88
2009-01-07 22:00:00,5.66,1009.58,78.49
2009-01-07 22:10:00,5.57,1009.37,71.4
2009-01-07 22:20:00,5.9,1009.12,74.32
2009-01-07 22:30:00,5.81,1009.65,77.64
2009-01-07 22:40:00,5.78,1009.06,75.87
2009-01-07 22:50:00,4.96,1010.15,79.29
2009-01-07 23:00:00,5.05,1009.85,78.18
2009-01-07 23:10:00,5.06,1009.73,79.11
2009-01-07 23:20:00,5.0,1009.23,78.2
2009-01-07 23:30:00,4.91,1009.29,76.1
2009-01-07 23:40:00,4.89,1009.64,78.78
2009-01-07 23:50:00,4.9,1009.77,76.91
2009-01-08 00:00:00,5.27,1009.64,78.23
2009-01-08 00:10:00,5.72,1009.29,73.23
2009-01-08 00:20:00,4.98,1009.84,77.58
2009-01-08 00:30:00,5.2,1009.01,75.53
2009-01-08 00:40:00,5.35,1009.72,75.48
2009-01-08 00:50:00,5.3,1009.28,74.74
2009-01-08 01:00:00,5.21,1009.59,77.98
2009-01-08 01:10:00,5.6,1009.9,78.5
2009-01-08 01:20:00,5.12,1009.82,74.38
2009-01-08 01:30:00,5.43,1009.76,78.21
2009-01-08 01:40:00,5.88,1009.88,74.69
2009-01-08 01:50:00,5.96,1009.25,78.29
2009-01-08 02:00:00,5.73,1009.58,79.5
2009-01-08 02:10:00,6.1,1009.17,75.12
2009-01-08 02:20:00,5.56,1009.71,79.29
2009-01-08 02:30:00,5.91,1008.75,74.87
2009-01-08 02:40:00,6.39,1008.86,71.5
2009-01-08 02:50:00,6.09,1008.62,76.51
2009-01-08 03:00:00,6.26,1009.19,78.2
2009-01-08 03:10:00,6.17,1008.56,75.69
2009-01-08 03:20:00,7.02,1008.52,73.73
2009-01-08 03:30:00,6.78,1009.02,73.6
2009-01-08 03:40:00,8.46,1008.43,72.68
2009-01-08 03:50:00,7.07,1008.13,77.16
2009-01-08 04:00:00,5.92,1009.67,73.47
2009-01-08 04:10:00,7.01,1008.91,78.87
2009-01-08 04:20:00,8.05,1008.57,71.39
2009-01-08 04:30:00,8.41,1008.4,73.81
2009-01-08 04:40:00,7.31,1009.0,74.67
2009-01-08 04:50:00,7.82,1008.38,72.98
2009-01-08 05:00:00,8.46,1008.58,69.44
2009-01-08 05:10:00,8.48,1009.12,70.6
2009-01-08 05:20:00,8.92,1008.3,71.06
2009-01-08 05:30:00,9.95,1007.87,71.78
2009-01-08 05:40:00,9.14,1008.52,70.87
2009-01-08 05:50:00,9.69,1008.09,71.56
2009-01-08 06:00:00,9.4,1007.91,74.97
2009-01-08 06:10:00,10.47,1007.77,70.58
2009-01-08 06:20:00,10.41,1007.22,69.71
2009-01-08 06:30:00,10.59,1007.95,67.56
2009-01-08 06:40:00,10.76,1008.13,68.56
2009-01-08 06:50:00,10.87,1007.87,67.91
2009-01-08 07:00:00,11.83,1007.42,67.98
2009-01-08 07:10:00,11.15,1007.3,69.71
2009-01-08 07:20:00,11.84,1007.65,68.71
2009-01-08 07:30:00,11.18,1007.7,64.22
2009-01-08 07:40:00,12.37,1006.98,67.38
2009-01-08 07:50:00,12.67,1007.05,65.95
2009-01-08 08:00:00,13.11,1006.58,66.62
2009-01-08 08:10:00,12.75,1007.47,62.58
2009-01-08 08:20:00,12.87,1007.48,68.41
2009-01-08 08:30:00,12.66,1007.13,69.69
2009-01-08 08:40:00,12.5,1007.24,66.6
2009-01-08 08:50:00,13.47,1006.69,66.73
2009-01-08 09:00:00,13.98,1007.36,62.44
2009-01-08 09:10:00,13.45,1007.3,68.46
2009-01-08 09:20:00,13.83,1006.4,63.83
2009-01-08 09:30:00,14.45,1006.87,65.55
2009-01-08 09:40:00,15.06,1006.36,60.6
2009-01-08 09:50:00,13.62,1006.88,66.61
2009-01-08 10:00:00,15.19,1006.51,62.24
2009-01-08 10:10:00,14.37,1007.06,61.92
2009-01-08 10:20:00,14.48,1006.63,63.23
2009-01-08 10:30:00,15.52,1006.08,66.63
2009-01-08 10:40:00,14.37,1006.44,62.12
2009-01-08 10:50:00,15.09,1006.47,64.6
2009-01-08 11:00:00,14.42,1006.17,62.63
2009-01-08 11:10:00,15.02,1006.05,62.25
2009-01-08 11:20:00,15.19,1006.2,60.56
2009-01-08 11:30:00,14.41,1006.63,64.3
2009-01-08 11:40:00,16.35,1006.44,57.94
2009-01-08 11:50:00,14.23,1006.7,66.8
2009-01-08 12:00:00,15.33,1006.24,64.01
2009-01-08 12:10:00,15.68,1006.73,59.34
2009-01-08 12:20:00,15.2,1006.06,60.59
2009-01-08 12:30:00,14.32,1006.63,60.65
2009-01-08 12:40:00,15.31,1006.4,60.3
2009-01-08 12:50:00,15.12,1006.92,63.0
2009-01-08 13:00:00,14.54,1006.55,62.99
2009-01-08 13:10:00,14.42,1006.16,62.62
2009-01-08 13:20:00,15.32,1006.16,58.16
2009-01-08 13:30:00,14.58,1006.96,59.69
2009-01-08 13:40:00,14.63,1006.74,64.13
2009-01-08 13:50:00,14.71,1006.77,59.76
2009-01-08 14:00:00,14.64,1007.02,62.6
2009-01-08 14:10:00,14.4,1006.38,66.0
2009-01-08 14:20:00,13.79,1007.36,63.56
2009-01-08 14:30:00,14.31,1006.55,67.3
2009-01-08 14:40:00,12.84,1007.26,61.57
2009-01-08 14:50:00,13.08,1007.65,67.19
2009-01-08 15:00:00,12.53,1007.25,64.97
2009-01-08 15:10:00,13.66,1007.46,65.81
2009-01-08 15:20:00,13.43,1007.13,62.67
2009-01-08 15:30:00,13.39,1007.27,63.68
2009-01-08 15:40:00,12.55,1007.68,66.6
2009-01-08 15:50:00,12.12,1007.25,65.91
2009-01-08 16:00:00,12.47,1007.25,65.8
2009-01-08 16:10:00,13.15,1007.32,68.25
2009-01-08 16:20:00,11.27,1007.67,70.45
2009-01-08 16:30:00,12.28,1007.13,65.07
2009-01-08 16:40:00,12.19,1007.29,68.01
2009-01-08 16:50:00,11.58,1007.51,67.87
2009-01-08 17:00:00,10.88,1008.26,69.78
2009-01-08 17:10:00,11.78,1007.32,66.25
2009-01-08 17:20:00,10.71,1007.55,70.29
2009-01-08 17:30:00,11.01,1007.56,67.85
2009-01-08 17:40:00,10.62,1007.61,68.25
2009-01-08 17:50:00,11.0,1007.5,67.47
2009-01-08 18:00:00,11.25,1007.01,65.75
2009-01-08 18:10:00,10.68,1007.7,69.98
2009-01-08 18:20:00,10.62,1007.63,67.88
2009-01-08 18:30:00,9.55,1008.14,69.62
2009-01-08 18:40:00,9.07,1007.91,72.33
2009-01-08 18:50:00,9.34,1008.18,70.55
2009-01-08 19:00:00,8.98,1008.18,70.91
2009-01-08 19:10:00,8.46,1008.94,72.21
2009-01-08 19:20:00,8.23,1008.52,71.88
2009-01-08 19:30:00,7.6,1008.48,75.31
2009-01-08 19:40:00,7.6,1008.79,72.64
2009-01-08 19:50:00,7.03,1008.79,77.25
2009-01-08 20:00:00,7.29,1008.65,73.21
2009-01-08 20:10:00,7.15,1008.97,73.46
2009-01-08 20:20:00,7.08,1008.78,75.09
2009-01-08 20:30:00,7.11,1008.98,75.6
2009-01-08 20:40:00,6.74,1009.39,75.83
2009-01-08 20:50:00,7.37,1008.82,74.5
2009-01-08 21:00:00,6.12,1009.22,77.45
2009-01-08 21:10:00,6.13,1009.67,75.86
2009-01-08 21:20:00,6.96,1008.66,74.0
2009-01-08 21:30:00,5.79,1009.63,77.61
2009-01-08 21:40:00,5.87,1009.17,76.15
2009-01-08 21:50:00,6.15,1009.47,75.66
2009-01-08 22:00:00,5.45,1009.46,77.09
2009-01-08 22:10:00,5.69,1009.23,79.94
2009-01-08 22:20:00,5.15,1009.98,80.06
2009-01-08 22:30:00,5.85,1009.88,77.33
2009-01-08 22:40:00,5.14,1009.38,75.94
2009-01-08 22:50:00,5.65,1008.94,73.68
2009-01-08 23:00:00,5.94,1009.61,76.92
2009-01-08 23:10:00,5.58,1009.64,76.26
2009-01-08 23:20:00,4.34,1010.17,79.38
2009-01-08 23:30:00,4.35,1009.83,77.53
2009-01-08 23:40:00,4.96,1009.51,78.66
2009-01-08 23:50:00,4.9,1009.28,79.0
2009-01-09 00:00:00,5.24,1009.1,77.95
2009-01-09 00:10:00,5.45,1009.42,77.2
2009-01-09 00:20:00,4.64,1009.19,79.09
2009-01-09 00:30:00,5.0,1009.74,77.03
2009-01-09 00:40:00,4.95,1009.67,77.45
2009-01-09 00:50:00,5.55,1009.32,73.78
2009-01-09 01:00:00,5.24,1009.15,72.07
2009-01-09 01:10:00,4.68,1009.58,76.38
2009-01-09 01:20:00,4.53,1009.69,80.63
2009-01-09 01:30:00,5.8,1009.39,78.15
2009-01-09 01:40:00,5.25,1009.29,78.48
2009-01-09 01:50:00,5.02,1009.72,77.41
2009-01-09 02:00:00,5.49,1009.35,79.04
2009-01-09 02:10:00,4.99,1009.72,76.94
2009-01-09 02:20:00,5.53,1009.49,77.33
2009-01-09 02:30:00,6.0,1009.41,78.82
2009-01-09 02:40:00,5.87,1009.51,72.72
2009-01-09 02:50:00,6.54,1008.63,76.45
2009-01-09 03:00:00,6.23,1009.33,72.75
2009-01-09 03:10:00,6.63,1009.41,76.29
2009-01-09 03:20:00,6.78,1009.12,77.12
2009-01-09 03:30:00,7.32,1008.78,72.85
2009-01-09 03:40:00,6.79,1009.12,72.49
2009-01-09 03:50:00,6.23,1009.23,76.15
2009-01-09 04:00:00,7.59,1009.22,71.03
2009-01-09 04:10:00,7.43,1008.51,74.34
2009-01-09 04:20:00,7.83,1008.69,73.33
2009-01-09 04:30:00,7.73,1008.56,76.56
2009-01-09 04:40:00,8.7,1008.52,68.87
2009-01-09 04:50:00,8.39,1008.85,72.76
2009-01-09 05:00:00,9.21,1008.8,71.02
2009-01-09 05:10:00,8.68,1008.45,71.15
2009-01-09 05:20:00,9.58,1008.2,67.26
2009-01-09 05:30:00,9.58,1008.3,69.7
2009-01-09 05:40:00,8.58,1008.99,73.52
2009-01-09 05:50:00,9.21,1008.5,69.01
2009-01-09 06:00:00,9.32,1007.79,72.58
2009-01-09 06:10:00,10.66,1007.93,68.89
2009-01-09 06:20:00,11.31,1007.61,65.66
2009-01-09 06:30:00,10.72,1008.18,68.33
2009-01-09 06:40:00,10.16,1007.96,71.14
2009-01-09 06:50:00,11.44,1007.31,65.4
2009-01-09 07:00:00,10.8,1007.99,73.21
2009-01-09 07:10:00,11.36,1007.86,66.36
2009-01-09 07:20:00,13.0,1007.17,64.47
2009-01-09 07:30:00,11.99,1007.26,68.63
2009-01-09 07:40:00,12.11,1007.37,65.64
2009-01-09 07:50:00,11.36,1007.69,63.41
2009-01-09 08:00:00,12.27,1007.44,65.41
2009-01-09 08:10:00,12.4,1007.3,68.88
2009-01-09 08:20:00,13.59,1007.15,66.91
2009-01-09 08:30:00,12.89,1007.32,64.01
2009-01-09 08:40:00,13.56,1007.4,62.08
2009-01-09 08:50:00,13.46,1007.1,63.01
2009-01-09 09:00:00,13.52,1006.66,63.85
2009-01-09 09:10:00,14.63,1007.04,60.78
2009-01-09 09:20:00,14.11,1007.1,63.2
2009-01-09 09:30:00,13.67,1007.21,63.3
2009-01-09 09:40:00,14.01,1007.33,65.62
2009-01-09 09:50:00,13.57,1007.11,67.86
2009-01-09 10:00:00,15.23,1006.87,65.38
2009-01-09 10:10:00,15.04,1006.78,58.45
2009-01-09 10:20:00,14.5,1006.6,63.52
2009-01-09 10:30:00,15.49,1006.76,60.19
2009-01-09 10:40:00,14.11,1006.52,60.02
2009-01-09 10:50:00,15.58,1006.93,61.36
2009-01-09 11:00:00,14.75,1006.91,62.85
2009-01-09 11:10:00,15.58,1006.8,57.67
2009-01-09 11:20:00,15.45,1006.15,61.01
2009-01-09 11:30:00,14.26,1007.1,61.09
2009-01-09 11:40:00,14.29,1006.77,65.19
2009-01-09 11:50:00,14.9,1007.11,65.37
2009-01-09 12:00:00,15.12,1007.02,60.38
2009-01-09 12:10:00,14.95,1006.56,63.68
2009-01-09 12:20:00,15.43,1007.05,61.79
2009-01-09 12:30:00,15.4,1006.73,60.77
2009-01-09 12:40:00,15.18,1007.07,66.64
2009-01-09 12:50:00,15.25,1006.5,60.17
2009-01-09 13:00:00,14.18,1007.18,61.53
2009-01-09 13:10:00,15.45,1006.7,63.11
2009-01-09 13:20:00,14.77,1007.09,60.77
2009-01-09 13:30:00,14.6,1006.92,62.89
2009-01-09 13:40:00,14.59,1007.26,62.18
2009-01-09 13:50:00,14.85,1007.08,66.01
2009-01-09 14:00:00,12.67,1007.45,68.51
2009-01-09 14:10:00,12.96,1008.01,65.73
2009-01-09 14:20:00,13.07,1007.75,63.28
2009-01-09 14:30:00,13.51,1007.85,63.96
2009-01-09 14:40:00,13.35,1008.07,66.83
2009-01-09 14:50:00,13.52,1007.18,64.31
2009-01-09 15:00:00,14.32,1006.89,60.97
2009-01-09 15:10:00,14.02,1007.2,64.18
2009-01-09 15:20:00,13.48,1007.33,59.94
2009-01-09 15:30:00,12.94,1007.99,69.94
2009-01-09 15:40:00,12.81,1007.65,68.52
2009-01-09 15:50:00,12.98,1007.7,61.57
2009-01-09 16:00:00,12.29,1007.89,63.53
2009-01-09 16:10:00,12.13,1008.39,66.3
2009-01-09 16:20:00,11.4,1007.54,67.88
2009-01-09 16:30:00,11.62,1007.78,68.02
2009-01-09 16:40:00,11.85,1008.03,67.92
2009-01-09 16:50:00,10.89,1008.08,68.01
2009-01-09 17:00:00,11.27,1008.47,66.64
2009-01-09 17:10:00,10.69,1008.79,69.28
2009-01-09 17:20:00,10.17,1008.42,67.27
2009-01-09 17:30:00,10.08,1008.14,68.28
2009-01-09 17:40:00,11.47,1008.44,70.56
2009-01-09 17:50:00,10.76,1008.31,69.66
2009-01-09 18:00:00,10.05,1008.25,67.6
2009-01-09 18:10:00,10.23,1008.16,70.05
2009-01-09 18:20:00,9.89,1008.86,70.9
2009-01-09 18:30:00,8.75,1009.14,71.6
2009-01-09 18:40:00,8.64,1008.42,72.94
2009-01-09 18:50:00,8.14,1008.66,76.28
2009-01-09 19:00:00,8.11,1009.07,72.99
2009-01-09 19:10:00,8.53,1008.76,70.79
2009-01-09 19:20:00,8.69,1008.94,71.91
2009-01-09 19:30:00,7.01,1009.37,76.21
2009-01-09 19:40:00,7.52,1009.11,74.47
2009-01-09 19:50:00,7.99,1009.36,71.88
2009-01-09 20:00:00,7.87,1009.79,75.53
2009-01-09 20:10:00,6.53,1010.59,72.55
2009-01-09 20:20:00,6.52,1009.81,75.03
2009-01-09 20:30:00,7.14,1009.93,76.16
2009-01-09 20:40:00,6.34,1009.81,77.51
2009-01-09 20:50:00,7.15,1009.89,75.91
2009-01-09 21:00:00,6.82,1009.5,72.14
2009-01-09 21:10:00,6.52,1009.61,77.7
2009-01-09 21:20:00,5.73,1009.88,75.54
2009-01-09 21:30:00,6.52,1009.99,75.27
2009-01-09 21:40:00,6.05,1010.4,72.4
2009-01-09 21:50:00,6.16,1010.21,78.19
2009-01-09 22:00:00,6.07,1009.69,74.82
2009-01-09 22:10:00,5.9,1009.8,75.76
2009-01-09 22:20:00,4.72,1009.98,78.62
2009-01-09 22:30:00,5.17,1009.98,76.87
2009-01-09 22:40:00,5.45,1010.05,77.17
2009-01-09 22:50:00,5.28,1010.12,77.06
2009-01-09 23:00:00,4.73,1010.21,74.24
2009-01-09 23:10:00,4.54,1010.07,77.4
2009-01-09 23:20:00,5.64,1010.1,76.84
2009-01-09 23:30:00,4.57,1010.52,81.53
2009-01-09 23:40:00,4.98,1010.07,75.21
2009-01-09 23:50:00,5.14,1009.99,78.72
2009-01-10 00:00:00,4.49,1009.98,79.22
2009-01-10 00:10:00,4.36,1010.71,80.54
2009-01-10 00:20:00,4.72,1010.48,80.7
2009-01-10 00:30:00,4.81,1010.88,77.13
2009-01-10 00:40:00,4.61,1010.5,78.54
2009-01-10 00:50:00,5.69,1010.42,77.21
2009-01-10 01:00:00,5.5,1010.27,78.34
2009-01-10 01:10:00,4.97,1010.06,77.96
2009-01-10 01:20:00,6.65,1010.13,73.63
2009-01-10 01:30:00,6.08,1009.51,75.38
2009-01-10 01:40:00,5.67,1009.99,75.31
2009-01-10 01:50:00,5.48,1010.1,75.21
2009-01-10 02:00:00,5.13,1009.9,75.38
2009-01-10 02:10:00,5.73,1010.5,75.07
2009-01-10 02:20:00,5.3,1010.82,74.77
2009-01-10 02:30:00,6.08,1009.83,74.44
2009-01-10 02:40:00,6.36,1010.17,78.0
2009-01-10 02:50:00,6.65,1010.0,76.28
2009-01-10 03:00:00,5.95,1010.53,77.14
2009-01-10 03:10:00,6.87,1010.08,71.74
2009-01-10 03:20:00,6.22,1010.14,75.96
2009-01-10 03:30:00,7.24,1009.84,73.77
2009-01-10 03:40:00,7.76,1009.76,74.85
2009-01-10 03:50:00,7.91,1010.0,73.77
2009-01-10 04:00:00,7.86,1009.72,75.35
2009-01-10 04:10:00,8.83,1009.04,70.25
2009-01-10 04:20:00,8.68,1009.47,71.12
2009-01-10 04:30:00,7.74,1009.98,74.51
2009-01-10 04:40:00,9.29,1009.21,72.86
2009-01-10 04:50:00,9.32,1008.81,68.91
2009-01-10 05:00:00,8.84,1009.22,70.89
2009-01-10 05:10:00,8.59,1009.43,70.31
2009-01-10 05:20:00,8.49,1009.63,72.51
2009-01-10 05:30:00,9.84,1009.27,71.09
2009-01-10 05:40:00,9.94,1008.82,69.09
2009-01-10 05:50:00,9.92,1009.39,71.41
2009-01-10 06:00:00,9.89,1009.07,70.66
2009-01-10 06:10:00,9.64,1009.46,72.08
2009-01-10 06:20:00,10.9,1009.14,70.65
2009-01-10 06:30:00,9.71,1009.27,67.57
2009-01-10 06:40:00,10.39,1008.97,71.78
2009-01-10 06:50:00,11.25,1008.83,71.7
2009-01-10 07:00:00,11.41,1008.43,65.09
2009-01-10 07:10:00,11.07,1008.86,65.32
2009-01-10 07:20:00,11.93,1008.67,65.67
2009-01-10 07:30:00,11.97,1008.73,65.79
2009-01-10 07:40:00,12.48,1008.21,67.46
2009-01-10 07:50:00,13.04,1008.36,62.9
2009-01-10 08:00:00,12.54,1008.45,64.46
2009-01-10 08:10:00,12.06,1008.46,68.65
2009-01-10 08:20:00,13.28,1008.58,65.0
2009-01-10 08:30:00,14.03,1007.75,64.84
2009-01-10 08:40:00,13.09,1008.74,65.42
2009-01-10 08:50:00,12.86,1008.44,63.46
2009-01-10 09:00:00,13.1,1008.58,65.31
2009-01-10 09:10:00,14.11,1007.75,66.42
2009-01-10 09:20:00,13.74,1007.54,62.59
2009-01-10 09:30:00,13.27,1007.84,66.12
2009-01-10 09:40:00,14.28,1008.16,62.11
2009-01-10 09:50:00,14.48,1007.49,62.31
2009-01-10 10:00:00,14.25,1007.84,63.82
2009-01-10 10:10:00,14.42,1008.11,63.97
2009-01-10 10:20:00,15.01,1007.65,63.79
2009-01-10 10:30:00,14.76,1007.95,63.13
2009-01-10 10:40:00,13.62,1008.81,62.74
2009-01-10 10:50:00,14.37,1007.92,60.82
2009-01-10 11:00:00,15.7,1007.44,60.08
2009-01-10 11:10:00,14.47,1008.13,66.09
2009-01-10 11:20:00,15.06,1007.6,65.05
2009-01-10 11:30:00,15.1,1007.61,62.21
2009-01-10 11:40:00,15.05,1007.92,62.43
2009-01-10 11:50:00,15.01,1008.43,68.16
2009-01-10 12:00:00,15.09,1007.58,60.27
2009-01-10 12:10:00,15.4,1007.28,61.53
2009-01-10 12:20:00,15.18,1007.9,61.42
2009-01-10 12:30:00,15.88,1007.88,60.24
2009-01-10 12:40:00,15.32,1007.77,60.99
2009-01-10 12:50:00,14.68,1008.38,61.87
2009-01-10 13:00:00,14.79,1008.3,63.42
2009-01-10 13:10:00,14.89,1007.77,67.33
2009-01-10 13:20:00,15.11,1007.21,64.95
2009-01-10 13:30:00,13.98,1007.85,62.64
2009-01-10 13:40:00,15.16,1007.84,62.68
2009-01-10 13:50:00,13.6,1008.72,64.07
2009-01-10 14:00:00,13.69,1008.47,65.45
2009-01-10 14:10:00,14.26,1008.6,64.78
2009-01-10 14:20:00,14.85,1008.03,62.95
2009-01-10 14:30:00,14.4,1008.54,62.74
2009-01-10 14:40:00,14.77,1008.12,62.85
2009-01-10 14:50:00,13.91,1008.1,60.85
2009-01-10 15:00:00,14.56,1008.48,61.31
2009-01-10 15:10:00,13.45,1008.69,63.85
2009-01-10 15:20:00,13.93,1008.22,66.09
2009-01-10 15:30:00,12.73,1008.89,69.01
2009-01-10 15:40:00,13.11,1008.49,65.79
2009-01-10 15:50:00,13.05,1008.53,64.64
2009-01-10 16:00:00,13.38,1008.99,63.6
2009-01-10 16:10:00,11.65,1008.71,65.3
2009-01-10 16:20:00,11.97,1008.99,64.28
2009-01-10 16:30:00,11.99,1008.14,67.29
2009-01-10 16:40:00,12.51,1008.5,60.47
2009-01-10 16:50:00,11.59,1009.36,66.8
2009-01-10 17:00:00,11.41,1009.6,71.27
2009-01-10 17:10:00,11.38,1008.86,68.27
2009-01-10 17:20:00,10.37,1009.54,68.97
2009-01-10 17:30:00,10.37,1010.01,68.99
2009-01-10 17:40:00,9.7,1009.88,71.83
2009-01-10 17:50:00,10.24,1009.37,68.77
2009-01-10 18:00:00,9.71,1009.62,69.04
2009-01-10 18:10:00,9.67,1009.39,70.99
2009-01-10 18:20:00,9.17,1010.22,72.0
2009-01-10 18:30:00,10.1,1009.27,72.67
2009-01-10 18:40:00,9.07,1010.19,73.17
2009-01-10 18:50:00,9.4,1009.93,71.81
2009-01-10 19:00:00,8.66,1010.36,70.23
2009-01-10 19:10:00,8.7,1010.6,75.96
2009-01-10 19:20:00,8.82,1010.55,72.81
2009-01-10 19:30:00,8.61,1010.76,71.97
2009-01-10 19:40:00,7.09,1010.59,74.73
2009-01-10 19:50:00,7.28,1010.24,73.1
2009-01-10 20:00:00,6.88,1011.0,78.08
2009-01-10 20:10:00,7.65,1010.09,73.94
2009-01-10 20:20:00,6.7,1010.88,73.3
2009-01-10 20:30:00,7.45,1010.79,73.19
2009-01-10 20:40:00,7.04,1010.73,77.9
2009-01-10 20:50:00,5.67,1011.26,78.98
2009-01-10 21:00:00,6.28,1010.81,75.93
2009-01-10 21:10:00,5.85,1010.93,74.17
2009-01-10 21:20:00,6.08,1010.41,74.67
2009-01-10 21:30:00,6.31,1010.86,74.71
2009-01-10 21:40:00,6.35,1011.45,73.99
2009-01-10 21:50:00,6.39,1010.45,73.73
2009-01-10 22:00:00,5.94,1011.19,76.33
2009-01-10 22:10:00,6.0,1011.04,77.53
2009-01-10 22:20:00,5.22,1011.16,73.41
2009-01-10 22:30:00,5.72,1010.95,78.44
2009-01-10 22:40:00,5.81,1011.12,76.46
2009-01-10 22:50:00,5.33,1011.28,74.09
2009-01-10 23:00:00,5.89,1011.01,77.22
2009-01-10 23:10:00,5.26,1011.46,77.54
2009-01-10 23:20:00,5.53,1011.04,78.69
2009-01-10 23:30:00,5.13,1011.45,76.48
2009-01-10 23:40:00,5.0,1011.66,75.16
2009-01-10 23:50:00,4.14,1011.67,80.19
2009-01-11 00:00:00,4.85,1011.96,80.32
2009-01-11 00:10:00,5.71,1011.73,76.97
2009-01-11 00:20:00,5.3,1011.22,71.68
2009-01-11 00:30:00,5.25,1011.22,76.73
2009-01-11 00:40:00,3.83,1012.15,78.85
2009-01-11 00:50:00,4.82,1011.25,76.14
2009-01-11 01:00:00,4.75,1011.34,75.05
2009-01-11 01:10:00,5.13,1011.42,79.03
2009-01-11 01:20:00,4.43,1011.61,76.58
2009-01-11 01:30:00,5.55,1011.4,78.37
2009-01-11 01:40:00,6.39,1011.17,76.48
2009-01-11 01:50:00,5.19,1011.5,77.26
2009-01-11 02:00:00,6.74,1010.74,74.62
2009-01-11 02:10:00,5.79,1011.15,77.02
2009-01-11 02:20:00,5.91,1011.38,74.69
2009-01-11 02:30:00,6.4,1010.93,74.65
2009-01-11 02:40:00,6.59,1011.58,73.61
2009-01-11 02:50:00,6.63,1011.14,77.15
2009-01-11 03:00:00,6.52,1011.71,78.28
2009-01-11 03:10:00,6.14,1011.23,74.3
2009-01-11 03:20:00,6.75,1010.61,71.53
2009-01-11 03:30:00,7.47,1011.05,75.31
2009-01-11 03:40:00,6.68,1010.87,74.59
2009-01-11 03:50:00,8.0,1010.82,73.36
2009-01-11 04:00:00,8.09,1010.9,73.23
2009-01-11 04:10:00,7.9,1010.79,76.29
2009-01-11 04:20:00,7.83,1010.66,74.61
2009-01-11 04:30:00,8.56,1010.53,73.61
2009-01-11 04:40:00,8.83,1009.59,68.31
2009-01-11 04:50:00,8.7,1010.36,75.33
2009-01-11 05:00:00,8.87,1010.57,71.82
2009-01-11 05:10:00,8.73,1010.46,72.15
2009-01-11 05:20:00,9.63,1009.92,71.03
2009-01-11 05:30:00,9.12,1010.58,69.81
2009-01-11 05:40:00,9.64,1010.08,70.51
2009-01-11 05:50:00,9.65,1009.91,71.36
2009-01-11 06:00:00,8.59,1010.62,69.13
2009-01-11 06:10:00,10.35,1010.12,71.11
2009-01-11 06:20:00,10.33,1010.17,71.74
2009-01-11 06:30:00,10.42,1010.2,72.22
2009-01-11 06:40:00,11.2,1010.58,69.12
2009-01-11 06:50:00,10.82,1010.43,70.62
2009-01-11 07:00:00,11.16,1010.18,68.1
2009-01-11 07:10:00,11.75,1009.86,67.11
2009-01-11 07:20:00,12.55,1009.75,63.51
2009-01-11 07:30:00,12.02,1009.7,67.6
2009-01-11 07:40:00,12.23,1009.84,63.25
2009-01-11 07:50:00,11.52,1010.37,67.66
2009-01-11 08:00:00,13.17,1009.62,64.18
2009-01-11 08:10:00,11.84,1010.03,68.27
2009-01-11 08:20:00,13.74,1009.25,64.54
2009-01-11 08:30:00,12.14,1009.62,67.28
2009-01-11 08:40:00,13.04,1009.28,68.28
2009-01-11 08:50:00,14.18,1008.88,63.93
2009-01-11 09:00:00,13.32,1009.92,65.49
2009-01-11 09:10:00,13.99,1009.0,66.68
2009-01-11 09:20:00,13.68,1009.94,66.66
2009-01-11 09:30:00,13.64,1009.56,65.02
2009-01-11 09:40:00,13.99,1009.53,63.97
2009-01-11 09:50:00,14.23,1009.05,62.16
2009-01-11 10:00:00,14.37,1009.26,65.6
2009-01-11 10:10:00,13.76,1009.43,67.55
2009-01-11 10:20:00,14.19,1008.96,61.86
2009-01-11 10:30:00,15.02,1008.66,62.52
2009-01-11 10:40:00,14.36,1009.07,62.84
2009-01-11 10:50:00,14.58,1009.07,63.02
2009-01-11 11:00:00,14.96,1008.94,63.5
2009-01-11 11:10:00,14.64,1009.05,63.12
2009-01-11 11:20:00,14.07,1009.12,62.57
2009-01-11 11:30:00,14.45,1009.19,61.86
2009-01-11 11:40:00,14.53,1009.55,67.38
2009-01-11 11:50:00,15.49,1009.05,64.01
2009-01-11 12:00:00,15.16,1008.99,62.49
2009-01-11 12:10:00,14.83,1008.52,61.08
2009-01-11 12:20:00,14.57,1009.41,62.19
2009-01-11 12:30:00,14.06,1009.42,64.49
2009-01-11 12:40:00,15.31,1009.17,66.82
2009-01-11 12:50:00,14.45,1009.72,65.17
2009-01-11 13:00:00,14.51,1009.28,61.74
2009-01-11 13:10:00,14.71,1009.13,62.05
2009-01-11 13:20:00,14.7,1008.96,65.21
2009-01-11 13:30:00,15.06,1008.97,64.14
2009-01-11 13:40:00,14.01,1008.96,64.62
2009-01-11 13:50:00,14.71,1009.07,63.99
2009-01-11 14:00:00,15.31,1010.03,60.29
2009-01-11 14:10:00,14.38,1009.04,69.09
2009-01-11 14:20:00,13.88,1009.83,64.37
2009-01-11 14:30:00,13.44,1009.65,62.14
2009-01-11 14:40:00,13.51,1009.62,65.18
2009-01-11 14:50:00,12.55,1009.97,71.28
2009-01-11 15:00:00,13.06,1009.95,64.56
2009-01-11 15:10:00,11.97,1009.88,65.68
2009-01-11 15:20:00,13.64,1009.68,64.1
2009-01-11 15:30:00,13.38,1009.81,64.6
2009-01-11 15:40:00,13.2,1009.42,64.78
2009-01-11 15:50:00,13.31,1009.17,63.45
2009-01-11 16:00:00,12.58,1010.11,65.46
2009-01-11 16:10:00,12.52,1009.8,68.17
2009-01-11 16:20:00,12.21,1010.71,68.38
2009-01-11 16:30:00,12.19,1010.61,65.11
2009-01-11 16:40:00,11.56,1009.85,69.4
2009-01-11 16:50:00,12.33,1010.01,64.07
2009-01-11 17:00:00,11.86,1010.08,66.21
2009-01-11 17:10:00,11.85,1010.21,66.85
2009-01-11 17:20:00,11.67,1010.55,65.36
2009-01-11 17:30:00,11.41,1009.94,69.91
2009-01-11 17:40:00,10.68,1010.53,67.42
2009-01-11 17:50:00,9.66,1011.52,70.76
2009-01-11 18:00:00,9.68,1011.17,72.88
2009-01-11 18:10:00,9.94,1011.14,72.0
2009-01-11 18:20:00,9.59,1011.14,70.38
2009-01-11 18:30:00,8.85,1010.9,72.62
2009-01-11 18:40:00,8.78,1011.3,71.34
2009-01-11 18:50:00,9.4,1011.21,71.51
2009-01-11 19:00:00,8.56,1011.34,71.48
2009-01-11 19:10:00,8.62,1010.86,72.03
2009-01-11 19:20:00,8.47,1011.55,70.13
2009-01-11 19:30:00,7.88,1011.5,72.11
2009-01-11 19:40:00,7.28,1011.48,74.1
2009-01-11 19:50:00,7.88,1011.67,71.43
2009-01-11 20:00:00,7.69,1011.63,72.47
2009-01-11 20:10:00,6.85,1011.8,76.16
2009-01-11 20:20:00,7.04,1011.87,72.44
2009-01-11 20:30:00,8.35,1010.84,68.42
2009-01-11 20:40:00,6.52,1012.13,78.76
2009-01-11 20:50:00,6.88,1012.06,76.52
2009-01-11 21:00:00,6.51,1011.5,75.74
2009-01-11 21:10:00,6.42,1012.78,73.92
2009-01-11 21:20:00,6.8,1011.61,77.87
2009-01-11 21:30:00,6.1,1012.49,77.26
2009-01-11 21:40:00,6.24,1012.23,74.32
2009-01-11 21:50:00,5.7,1012.14,76.22
2009-01-11 22:00:00,4.87,1012.68,79.66
2009-01-11 22:10:00,6.17,1012.64,76.06
2009-01-11 22:20:00,5.39,1012.41,77.7
2009-01-11 22:30:00,5.74,1012.49,73.7
2009-01-11 22:40:00,5.99,1012.46,78.0
2009-01-11 22:50:00,5.26,1012.47,80.99
2009-01-11 23:00:00,4.64,1012.24,82.04
2009-01-11 23:10:00,5.24,1012.44,75.97
2009-01-11 23:20:00,4.07,1013.49,80.3
2009-01-11 23:30:00,5.3,1012.81,75.22
2009-01-11 23:40:00,5.25,1012.91,72.72
2009-01-11 23:50:00,5.3,1012.8,77.25
2009-01-12 00:00:00,4.56,1012.76,77.25
2009-01-12 00:10:00,5.19,1012.47,78.75
2009-01-12 00:20:00,4.76,1012.61,80.2
2009-01-12 00:30:00,4.96,1012.87,74.96
2009-01-12 00:40:00,5.84,1012.02,76.44
2009-01-12 00:50:00,5.01,1012.48,76.94
2009-01-12 01:00:00,5.79,1013.0,75.84
2009-01-12 01:10:00,5.05,1012.15,80.85
2009-01-12 01:20:00,4.77,1012.53,78.06
2009-01-12 01:30:00,5.75,1012.97,80.73
2009-01-12 01:40:00,5.85,1012.35,74.92
2009-01-12 01:50:00,5.48,1012.85,78.7
2009-01-12 02:00:00,5.98,1011.9,74.9
2009-01-12 02:10:00,6.51,1012.15,75.07
2009-01-12 02:20:00,7.27,1012.07,76.95
2009-01-12 02:30:00,6.95,1012.42,73.7
2009-01-12 02:40:00,5.03,1012.52,78.74
2009-01-12 02:50:00,6.61,1012.66,72.87
2009-01-12 03:00:00,6.56,1011.71,73.39
2009-01-12 03:10:00,6.89,1011.58,76.3
2009-01-12 03:20:00,7.7,1011.57,72.93
2009-01-12 03:30:00,7.82,1012.12,74.07
2009-01-12 03:40:00,7.19,1011.76,73.95
2009-01-12 03:50:00,7.96,1011.97,74.51
2009-01-12 04:00:00,7.32,1011.88,73.16
2009-01-12 04:10:00,7.16,1011.79,74.21
2009-01-12 04:20:00,7.77,1011.74,74.73
2009-01-12 04:30:00,7.62,1012.2,74.57
2009-01-12 04:40:00,9.12,1011.73,72.89
2009-01-12 04:50:00,8.53,1011.39,73.91
2009-01-12 05:00:00,9.55,1011.48,74.87
2009-01-12 05:10:00,9.38,1012.17,70.57
2009-01-12 05:20:00,8.69,1011.8,70.51
2009-01-12 05:30:00,9.45,1011.49,71.16
2009-01-12 05:40:00,9.52,1011.25,69.66
2009-01-12 05:50:00,10.42,1011.26,66.69
2009-01-12 06:00:00,8.99,1011.62,72.07
2009-01-12 06:10:00,9.63,1011.0,71.68
2009-01-12 06:20:00,12.03,1011.08,64.96
2009-01-12 06:30:00,10.59,1011.22,66.57
2009-01-12 06:40:00,10.17,1011.35,71.33
2009-01-12 06:50:00,11.21,1010.88,69.21
2009-01-12 07:00:00,11.55,1010.69,65.23
2009-01-12 07:10:00,11.83,1011.25,68.07
2009-01-12 07:20:00,12.3,1011.21,63.49
2009-01-12 07:30:00,12.15,1011.22,69.04
2009-01-12 07:40:00,12.83,1010.45,67.12
2009-01-12 07:50:00,12.7,1010.49,66.34
2009-01-12 08:00:00,11.83,1010.68,67.9
2009-01-12 08:10:00,13.21,1010.53,68.25
2009-01-12 08:20:00,13.61,1010.12,64.38
2009-01-12 08:30:00,12.79,1010.91,67.25
2009-01-12 08:40:00,12.82,1010.94,63.13
2009-01-12 08:50:00,13.97,1009.59,63.69
2009-01-12 09:00:00,13.18,1010.77,65.73
2009-01-12 09:10:00,12.59,1010.35,64.94
2009-01-12 09:20:00,14.42,1010.69,64.73
2009-01-12 09:30:00,14.68,1009.91,63.82
2009-01-12 09:40:00,14.16,1009.97,63.06
2009-01-12 09:50:00,14.04,1010.47,64.93
2009-01-12 10:00:00,14.06,1010.18,60.11
2009-01-12 10:10:00,14.69,1010.12,62.91
2009-01-12 10:20:00,14.8,1009.98,60.87
2009-01-12 10:30:00,14.32,1010.17,63.96
2009-01-12 10:40:00,14.4,1010.13,60.75
2009-01-12 10:50:00,14.56,1009.69,61.83
2009-01-12 11:00:00,15.1,1010.11,62.04
2009-01-12 11:10:00,14.77,1010.43,60.49
2009-01-12 11:20:00,15.15,1009.84,62.84
2009-01-12 11:30:00,14.88,1009.98,63.3
2009-01-12 11:40:00,14.66,1009.85,62.05
2009-01-12 11:50:00,14.37,1010.35,62.23
2009-01-12 12:00:00,14.37,1010.42,64.25
2009-01-12 12:10:00,14.9,1010.06,64.47
2009-01-12 12:20:00,14.85,1010.25,60.46
2009-01-12 12:30:00,15.24,1010.02,63.18
2009-01-12 12:40:00,14.79,1009.98,60.41
2009-01-12 12:50:00,14.78,1010.07,60.24
2009-01-12 13:00:00,15.46,1010.32,57.75
2009-01-12 13:10:00,13.7,1010.09,64.76
2009-01-12 13:20:00,16.04,1009.49,60.31
2009-01-12 13:30:00,15.29,1009.93,64.3
2009-01-12 13:40:00,15.0,1010.16,64.27
2009-01-12 13:50:00,14.9,1009.78,62.3
2009-01-12 14:00:00,14.02,1010.48,61.55
2009-01-12 14:10:00,13.72,1010.58,64.41
2009-01-12 14:20:00,14.79,1010.31,65.68
2009-01-12 14:30:00,14.62,1010.65,56.0
2009-01-12 14:40:00,13.44,1010.8,62.19
2009-01-12 14:50:00,13.42,1010.87,64.96
2009-01-12 15:00:00,13.36,1011.22,64.11
2009-01-12 15:10:00,13.93,1010.51,64.3
2009-01-12 15:20:00,13.03,1010.55,65.0
2009-01-12 15:30:00,12.36,1011.19,66.68
2009-01-12 15:40:00,12.65,1011.17,63.94
2009-01-12 15:50:00,11.7,1011.34,64.69
2009-01-12 16:00:00,11.8,1011.24,69.23
2009-01-12 16:10:00,11.92,1010.89,70.13
2009-01-12 16:20:00,11.41,1011.57,68.75
2009-01-12 16:30:00,11.55,1011.24,65.95
2009-01-12 16:40:00,11.38,1011.29,66.52
2009-01-12 16:50:00,10.68,1011.76,67.77
2009-01-12 17:00:00,11.69,1011.2,73.09
2009-01-12 17:10:00,11.36,1010.95,65.21
2009-01-12 17:20:00,10.42,1011.51,66.06
2009-01-12 17:30:00,10.09,1011.75,66.74
2009-01-12 17:40:00,10.39,1011.73,67.41
2009-01-12 17:50:00,10.52,1011.65,71.41
2009-01-12 18:00:00,10.33,1011.62,69.19
2009-01-12 18:10:00,10.01,1011.9,66.6
2009-01-12 18:20:00,10.03,1011.61,72.23
2009-01-12 18:30:00,9.44,1011.77,70.84
2009-01-12 18:40:00,9.85,1011.62,66.8
2009-01-12 18:50:00,8.79,1012.54,74.99
2009-01-12 19:00:00,9.22,1011.4,70.69
2009-01-12 19:10:00,8.26,1012.28,70.42
2009-01-12 19:20:00,8.15,1012.01,77.41
2009-01-12 19:30:00,8.12,1012.23,70.35
2009-01-12 19:40:00,8.37,1012.49,74.78
2009-01-12 19:50:00,7.86,1012.32,71.75
2009-01-12 20:00:00,7.12,1012.57,75.69
2009-01-12 20:10:00,7.04,1012.8,75.95
2009-01-12 20:20:00,6.91,1013.06,75.48
2009-01-12 20:30:00,7.15,1012.69,74.63
2009-01-12 20:40:00,6.36,1012.68,75.97
2009-01-12 20:50:00,7.07,1012.65,75.4
2009-01-12 21:00:00,6.35,1012.71,75.5
2009-01-12 21:10:00,6.51,1012.69,74.05
2009-01-12 21:20:00,5.92,1013.13,73.17
2009-01-12 21:30:00,6.17,1013.08,76.16
2009-01-12 21:40:00,5.62,1013.26,74.36
2009-01-12 21:50:00,5.4,1013.48,74.24
2009-01-12 22:00:00,5.35,1013.09,78.28
2009-01-12 22:10:00,4.84,1013.24,75.56
2009-01-12 22:20:00,6.3,1012.9,74.52
2009-01-12 22:30:00,5.44,1013.5,72.7
2009-01-12 22:40:00,4.76,1013.52,76.6
2009-01-12 22:50:00,4.51,1013.32,78.55
2009-01-12 23:00:00,5.33,1013.87,73.72
2009-01-12 23:10:00,4.38,1013.21,80.38
2009-01-12 23:20:00,4.63,1013.05,79.68
2009-01-12 23:30:00,4.67,1013.83,78.42
2009-01-12 23:40:00,4.69,1013.76,79.6
2009-01-12 23:50:00,5.76,1013.05,75.73
2009-01-13 00:00:00,5.74,1013.51,76.91
2009-01-13 00:10:00,4.58,1013.22,75.27
2009-01-13 00:20:00,4.52,1013.49,75.83
2009-01-13 00:30:00,5.4,1012.52,75.29
2009-01-13 00:40:00,4.74,1013.67,78.94
2009-01-13 00:50:00,4.5,1013.63,76.16
2009-01-13 01:00:00,5.32,1012.96,77.28
2009-01-13 01:10:00,5.97,1013.74,78.22
2009-01-13 01:20:00,4.79,1013.33,75.95
2009-01-13 01:30:00,5.08,1012.88,76.13
2009-01-13 01:40:00,6.03,1013.79,76.83
2009-01-13 01:50:00,5.67,1013.43,73.34
2009-01-13 02:00:00,5.25,1013.6,76.66
2009-01-13 02:10:00,5.6,1013.51,72.79
2009-01-13 02:20:00,6.49,1012.75,76.39
2009-01-13 02:30:00,6.03,1013.35,77.93
2009-01-13 02:40:00,5.66,1013.49,77.52
2009-01-13 02:50:00,7.03,1012.68,76.84
2009-01-13 03:00:00,6.83,1012.76,76.76
2009-01-13 03:10:00,6.44,1013.29,75.15
2009-01-13 03:20:00,6.84,1012.92,76.77
2009-01-13 03:30:00,6.91,1013.05,75.83
2009-01-13 03:40:00,6.7,1013.22,77.89
2009-01-13 03:50:00,7.57,1012.81,71.94
2009-01-13 04:00:00,8.14,1012.05,73.07
2009-01-13 04:10:00,8.47,1012.21,73.38
2009-01-13 04:20:00,7.52,1012.9,70.88
2009-01-13 04:30:00,7.88,1012.41,73.38
2009-01-13 04:40:00,7.44,1013.18,74.46
2009-01-13 04:50:00,8.25,1012.94,72.57
2009-01-13 05:00:00,8.83,1012.4,74.93
2009-01-13 05:10:00,9.0,1011.95,71.68
2009-01-13 05:20:00,9.34,1012.16,69.69
2009-01-13 05:30:00,8.94,1011.78,72.55
2009-01-13 05:40:00,9.15,1012.04,72.3
2009-01-13 05:50:00,10.32,1011.57,68.82
2009-01-13 06:00:00,9.8,1012.19,68.22
2009-01-13 06:10:00,9.82,1012.16,69.07
2009-01-13 06:20:00,9.92,1012.0,68.29
2009-01-13 06:30:00,10.52,1012.21,68.87
2009-01-13 06:40:00,10.8,1011.6,65.76
2009-01-13 06:50:00,11.17,1011.94,70.77
2009-01-13 07:00:00,12.72,1011.08,66.32
2009-01-13 07:10:00,10.95,1012.25,70.55
2009-01-13 07:20:00,12.19,1011.51,66.45
2009-01-13 07:30:00,10.64,1012.17,70.37
2009-01-13 07:40:00,12.24,1011.07,68.37
2009-01-13 07:50:00,12.46,1011.31,64.1
2009-01-13 08:00:00,11.94,1011.38,66.88
2009-01-13 08:10:00,12.17,1011.86,65.87
2009-01-13 08:20:00,12.84,1011.22,68.69
2009-01-13 08:30:00,12.66,1011.14,63.47
2009-01-13 08:40:00,13.74,1011.0,64.71
2009-01-13 08:50:00,13.52,1011.48,64.5
2009-01-13 09:00:00,13.24,1010.85,67.2
2009-01-13 09:10:00,13.98,1010.94,62.73
2009-01-13 09:20:00,14.1,1010.94,64.06
2009-01-13 09:30:00,13.9,1010.97,64.95
2009-01-13 09:40:00,13.86,1010.75,60.79
2009-01-13 09:50:00,14.52,1010.61,66.33
2009-01-13 10:00:00,13.44,1011.02,66.03
2009-01-13 10:10:00,14.09,1010.92,64.44
2009-01-13 10:20:00,14.8,1010.49,56.45
2009-01-13 10:30:00,14.66,1010.63,61.55
2009-01-13 10:40:00,14.04,1010.94,64.74
2009-01-13 10:50:00,15.56,1010.09,64.03
2009-01-13 11:00:00,14.84,1010.4,63.74
2009-01-13 11:10:00,15.32,1010.25,65.16
2009-01-13 11:20:00,14.93,1010.15,60.32
2009-01-13 11:30:00,15.49,1010.19,61.94
2009-01-13 11:40:00,15.03,1010.46,64.41
2009-01-13 11:50:00,14.75,1010.24,58.27
2009-01-13 12:00:00,14.94,1010.44,65.07
2009-01-13 12:10:00,14.64,1010.91,62.46
2009-01-13 12:20:00,15.84,1009.96,60.44
2009-01-13 12:30:00,15.3,1010.77,63.74
2009-01-13 12:40:00,14.26,1011.05,63.6
2009-01-13 12:50:00,14.07,1010.61,63.2
2009-01-13 13:00:00,14.43,1011.06,64.43
2009-01-13 13:10:00,15.34,1010.13,58.65
2009-01-13 13:20:00,14.92,1010.53,64.34
2009-01-13 13:30:00,14.95,1010.56,64.18
2009-01-13 13:40:00,14.57,1010.69,67.1
2009-01-13 13:50:00,15.08,1010.16,59.22
2009-01-13 14:00:00,15.01,1010.36,62.22
2009-01-13 14:10:00,13.97,1010.9,63.21
2009-01-13 14:20:00,13.5,1010.41,59.97
2009-01-13 14:30:00,13.44,1011.33,62.97
2009-01-13 14:40:00,13.82,1011.19,66.9
2009-01-13 14:50:00,13.41,1011.19,64.14
2009-01-13 15:00:00,12.57,1011.51,66.37
2009-01-13 15:10:00,12.94,1011.17,66.26
2009-01-13 15:20:00,13.3,1010.71,64.7
2009-01-13 15:30:00,13.2,1011.26,64.77
2009-01-13 15:40:00,12.33,1011.42,68.98
2009-01-13 15:50:00,12.39,1011.43,68.51
2009-01-13 16:00:00,13.03,1011.48,66.02
2009-01-13 16:10:00,13.01,1011.49,63.83
2009-01-13 16:20:00,12.27,1011.38,65.23
2009-01-13 16:30:00,11.75,1010.86,68.8
2009-01-13 16:40:00,12.13,1011.69,69.5
2009-01-13 16:50:00,11.2,1011.58,71.29
2009-01-13 17:00:00,11.83,1011.21,62.53
2009-01-13 17:10:00,10.97,1011.37,68.67
2009-01-13 17:20:00,11.35,1011.14,68.52
2009-01-13 17:30:00,10.04,1012.71,70.04
2009-01-13 17:40:00,10.67,1011.46,64.72
2009-01-13 17:50:00,9.74,1011.77,72.74
2009-01-13 18:00:00,9.43,1012.4,71.7
2009-01-13 18:10:00,9.73,1011.31,69.31
2009-01-13 18:20:00,10.05,1012.12,70.22
2009-01-13 18:30:00,8.63,1012.42,72.56
2009-01-13 18:40:00,8.89,1012.43,70.25
2009-01-13 18:50:00,7.91,1012.4,71.75
2009-01-13 19:00:00,9.32,1012.39,70.93
2009-01-13 19:10:00,8.22,1012.67,75.65
2009-01-13 19:20:00,7.81,1012.43,75.59
2009-01-13 19:30:00,8.33,1012.33,74.82
2009-01-13 19:40:00,8.16,1012.23,73.31
2009-01-13 19:50:00,7.69,1013.15,74.68
2009-01-13 20:00:00,7.74,1012.67,74.43
2009-01-13 20:10:00,6.62,1012.53,75.85
2009-01-13 20:20:00,7.33,1012.63,70.01
2009-01-13 20:30:00,6.41,1013.19,75.64
2009-01-13 20:40:00,6.47,1012.73,75.83
2009-01-13 20:50:00,6.55,1012.93,74.17
2009-01-13 21:00:00,6.54,1013.07,73.94
2009-01-13 21:10:00,7.14,1012.62,74.62
2009-01-13 21:20:00,5.39,1013.02,78.75
2009-01-13 21:30:00,6.4,1013.08,74.06
2009-01-13 21:40:00,6.08,1012.81,78.02
2009-01-13 21:50:00,4.47,1013.48,76.7
2009-01-13 22:00:00,6.32,1012.98,78.0
2009-01-13 22:10:00,6.29,1013.18,72.29
2009-01-13 22:20:00,5.09,1013.25,78.16
2009-01-13 22:30:00,5.57,1012.85,78.21
2009-01-13 22:40:00,4.79,1013.38,78.32
2009-01-13 22:50:00,5.17,1013.84,79.53
2009-01-13 23:00:00,4.51,1013.23,80.53
2009-01-13 23:10:00,5.18,1013.55,77.29
2009-01-13 23:20:00,5.69,1013.44,78.04
2009-01-13 23:30:00,4.7,1013.68,74.72
2009-01-13 23:40:00,4.9,1013.25,76.1
2009-01-13 23:50:00,4.54,1012.94,80.67
2009-01-14 00:00:00,4.89,1013.38,78.66
2009-01-14 00:10:00,5.54,1013.64,75.83
2009-01-14 00:20:00,5.11,1013.09,78.8
2009-01-14 00:30:00,5.05,1013.65,79.07
2009-01-14 00:40:00,5.47,1013.41,76.97
2009-01-14 00:50:00,4.5,1013.64,81.62
2009-01-14 01:00:00,4.95,1013.2,78.81
2009-01-14 01:10:00,6.07,1012.75,71.07
2009-01-14 01:20:00,4.99,1013.41,77.22
2009-01-14 01:30:00,5.25,1013.15,75.83
2009-01-14 01:40:00,5.05,1013.46,78.56
2009-01-14 01:50:00,4.77,1013.91,78.72
2009-01-14 02:00:00,5.95,1013.0,76.59
2009-01-14 02:10:00,5.22,1013.77,80.0
2009-01-14 02:20:00,5.78,1012.73,75.71
2009-01-14 02:30:00,6.33,1012.84,73.92
2009-01-14 02:40:00,6.25,1012.72,78.3
2009-01-14 02:50:00,6.79,1013.01,73.4
2009-01-14 03:00:00,6.57,1013.21,70.96
2009-01-14 03:10:00,6.72,1013.25,78.54
2009-01-14 03:20:00,6.31,1013.03,77.62
2009-01-14 03:30:00,7.56,1012.02,69.64
2009-01-14 03:40:00,7.21,1012.82,73.94
2009-01-14 03:50:00,7.15,1013.07,77.23
2009-01-14 04:00:00,7.2,1012.71,71.88
2009-01-14 04:10:00,8.56,1011.83,70.02
2009-01-14 04:20:00,7.44,1012.27,76.39
2009-01-14 04:30:00,9.25,1012.12,70.46
2009-01-14 04:40:00,8.65,1011.95,74.7
2009-01-14 04:50:00,8.48,1012.39,70.9
2009-01-14 05:00:00,8.6,1011.74,72.13
2009-01-14 05:10:00,9.36,1011.44,68.94
2009-01-14 05:20:00,8.89,1012.04,71.48
2009-01-14 05:30:00,9.32,1012.08,70.94
2009-01-14 05:40:00,8.72,1012.27,74.32
2009-01-14 05:50:00,9.91,1011.28,70.6
2009-01-14 06:00:00,10.24,1011.41,69.8
2009-01-14 06:10:00,10.86,1012.01,68.97
2009-01-14 06:20:00,10.69,1011.52,68.15
2009-01-14 06:30:00,11.35,1011.66,69.22
2009-01-14 06:40:00,10.6,1012.02,71.17
2009-01-14 06:50:00,10.44,1011.96,69.68
2009-01-14 07:00:00,11.43,1010.72,64.92
2009-01-14 07:10:00,12.0,1010.92,68.63
2009-01-14 07:20:00,11.05,1010.99,72.25
2009-01-14 07:30:00,12.37,1011.0,66.9
2009-01-14 07:40:00,11.76,1011.32,69.72
2009-01-14 07:50:00,12.1,1011.25,63.46
2009-01-14 08:00:00,13.4,1011.01,64.84
2009-01-14 08:10:00,12.52,1011.4,65.21
2009-01-14 08:20:00,13.05,1010.71,63.58
2009-01-14 08:30:00,13.56,1010.53,65.58
2009-01-14 08:40:00,13.04,1010.76,65.1
2009-01-14 08:50:00,13.05,1011.01,65.25
2009-01-14 09:00:00,13.97,1010.74,66.49
2009-01-14 09:10:00,13.44,1010.87,64.49
2009-01-14 09:20:00,13.82,1010.34,63.32
2009-01-14 09:30:00,14.28,1010.3,62.12
2009-01-14 09:40:00,14.52,1010.44,60.78
2009-01-14 09:50:00,14.27,1010.74,65.79
2009-01-14 10:00:00,14.06,1010.13,63.18
2009-01-14 10:10:00,15.11,1010.36,57.75
2009-01-14 10:20:00,14.96,1009.51,66.42
2009-01-14 10:30:00,15.04,1010.03,62.65
2009-01-14 10:40:00,15.03,1010.0,63.38
2009-01-14 10:50:00,14.7,1010.17,65.99
2009-01-14 11:00:00,13.81,1010.52,61.5
2009-01-14 11:10:00,14.79,1009.99,67.91
2009-01-14 11:20:00,14.67,1010.2,61.76
2009-01-14 11:30:00,15.4,1009.86,60.59
2009-01-14 11:40:00,15.92,1010.09,61.66
2009-01-14 11:50:00,16.2,1009.57,59.07
2009-01-14 12:00:00,14.6,1010.6,61.86
2009-01-14 12:10:00,15.59,1009.75,57.99
2009-01-14 12:20:00,14.58,1010.32,65.51
2009-01-14 12:30:00,15.61,1010.03,62.96
2009-01-14 12:40:00,13.6,1010.6,64.67
2009-01-14 12:50:00,14.73,1009.97,64.67
2009-01-14 13:00:00,15.4,1010.56,61.51
2009-01-14 13:10:00,14.37,1010.84,62.8
2009-01-14 13:20:00,14.44,1009.83,64.18
2009-01-14 13:30:00,14.92,1010.35,63.06
2009-01-14 13:40:00,14.8,1010.29,63.82
2009-01-14 13:50:00,15.02,1010.31,62.84
2009-01-14 14:00:00,14.06,1010.58,62.75
2009-01-14 14:10:00,14.14,1010.09,68.05
2009-01-14 14:20:00,13.61,1010.66,65.94
2009-01-14 14:30:00,14.4,1010.2,63.56
2009-01-14 14:40:00,13.73,1009.6,62.87
2009-01-14 14:50:00,14.37,1009.97,63.72
2009-01-14 15:00:00,14.85,1009.77,61.71
2009-01-14 15:10:00,13.25,1009.94,63.39
2009-01-14 15:20:00,12.5,1010.92,65.76
2009-01-14 15:30:00,11.98,1011.15,68.98
2009-01-14 15:40:00,12.69,1010.98,67.14
2009-01-14 15:50:00,12.23,1010.91,67.03
2009-01-14 16:00:00,12.08,1010.55,67.69
2009-01-14 16:10:00,13.46,1010.43,65.23
2009-01-14 16:20:00,11.59,1010.92,67.22
2009-01-14 16:30:00,11.73,1010.75,67.32
2009-01-14 16:40:00,11.43,1011.41,71.96
2009-01-14 16:50:00,11.12,1011.01,69.18
2009-01-14 17:00:00,11.59,1010.75,66.48
2009-01-14 17:10:00,11.38,1010.54,72.37
2009-01-14 17:20:00,11.02,1011.04,68.17
2009-01-14 17:30:00,10.12,1011.94,69.66
2009-01-14 17:40:00,10.22,1011.89,71.74
2009-01-14 17:50:00,10.12,1011.51,69.15
2009-01-14 18:00:00,9.82,1011.4,70.87
2009-01-14 18:10:00,10.33,1011.9,65.16
2009-01-14 18:20:00,10.73,1011.49,68.94
2009-01-14 18:30:00,9.13,1011.1,73.69
2009-01-14 18:40:00,8.58,1012.01,71.29
2009-01-14 18:50:00,8.1,1012.08,73.82
2009-01-14 19:00:00,8.24,1012.16,76.25
2009-01-14 19:10:00,8.74,1011.88,70.42
2009-01-14 19:20:00,7.77,1011.91,73.48
2009-01-14 19:30:00,8.09,1011.87,77.84
2009-01-14 19:40:00,8.17,1011.61,70.34
2009-01-14 19:50:00,6.82,1012.0,75.92
2009-01-14 20:00:00,7.36,1011.92,75.14
2009-01-14 20:10:00,7.59,1012.17,73.59
2009-01-14 20:20:00,7.11,1011.8,70.64
2009-01-14 20:30:00,6.55,1012.12,73.53
2009-01-14 20:40:00,6.7,1012.16,72.34
2009-01-14 20:50:00,6.57,1012.44,74.16
2009-01-14 21:00:00,6.87,1012.33,75.47
2009-01-14 21:10:00,6.13,1012.58,77.17
